,0,1,2,3,4
0,,,,Cari Dönem 31.12.2022,Önceki Dönem 31.12.2021
1,,Finansal Durum Tablosu (Bilanço),,,
2,Finansal Durum Tablosu (Bilanço),,,,
3,,Varlıklar,,,
4,Varlıklar,,,,
5,,DÖNEN VARLIKLAR,,,
6,DÖNEN VARLIKLAR,,,,
7,,Nakit ve Nakit Benzerleri,6,25.244.811,12.810.775
8,Nakit ve Nakit Benzerleri,,,,
9,,Gayrimenkul Projeleri Kapsamında Açılan Nakit Hesapları,,,
10,Gayrimenkul Projeleri Kapsamında Açılan Nakit Hesapları,,,,
11,,Finansal Yatırımlar,7,3.827.944,3.265.243
12,Finansal Yatırımlar,,,,
13,,Kullanımı Kısıtlı Banka Bakiyeleri,,,
14,Kullanımı Kısıtlı Banka Bakiyeleri,,,,
15,,Vadeli Mevduatlar,,,
16,Vadeli Mevduatlar,,,,
17,,Satılmaya Hazır Finansal Varlıklar,,,
18,Satılmaya Hazır Finansal Varlıklar,,,,
19,,Vadeye Kadar Elde Tutulacak Finansal Yatırımlar,,,
20,Vadeye Kadar Elde Tutulacak Finansal Yatırımlar,,,,
21,,Gerçeğe Uygun Değer Farkı Kar/Zarara Yansıtılan Finansal Varlıklar,,,
22,Gerçeğe Uygun Değer Farkı Kar/Zarara Yansıtılan Finansal Varlıklar,,,,
23,,Alım Satım Amaçlı Elde Tutulan Finansal Varlıklar,,,
24,Alım Satım Amaçlı Elde Tutulan Finansal Varlıklar,,,,
25,,Gerçeğe Uygun Değer Farkı Kar/Zarara Yansıtılarak Ölçülen Diğer Finansal Varlıklar,,,
26,Gerçeğe Uygun Değer Farkı Kar/Zarara Yansıtılarak Ölçülen Diğer Finansal Varlıklar,,,,
27,,Gerçeğe Uygun Değer Farkı Kar/Zarara Yansıtılan Olarak Sınıflandırılan Finansal Varlıklar,,,
28,Gerçeğe Uygun Değer Farkı Kar/Zarara Yansıtılan Olarak Sınıflandırılan Finansal Varlıklar,,,,
29,,Yatırım Riski Hayat Poliçesi Sahiplerine Ait Finansal Yatırımlar,,,
30,Yatırım Riski Hayat Poliçesi Sahiplerine Ait Finansal Yatırımlar,,,,
31,,Gerçeğe Uygun Değer Farkı Diğer Kapsamlı Gelire Yansıtılan Finansal Varlıklar,,,
32,Gerçeğe Uygun Değer Farkı Diğer Kapsamlı Gelire Yansıtılan Finansal Varlıklar,,,,
33,,Gerçeğe Uygun Değer Farkı Diğer Kapsamlı Gelire Yansıtılarak Ölçülen Finansal Varlıklar,,,
34,Gerçeğe Uygun Değer Farkı Diğer Kapsamlı Gelire Yansıtılarak Ölçülen Finansal Varlıklar,,,,
35,,Özkaynağa Dayalı Finansal Araçlara Yapılan Yatırımlar,,,
36,Özkaynağa Dayalı Finansal Araçlara Yapılan Yatırımlar,,,,
37,,İtfa Edilmiş Maliyetiyle Ölçülen Finansal Varlıklar,,,
38,İtfa Edilmiş Maliyetiyle Ölçülen Finansal Varlıklar,,,,
39,,Diğer Finansal Yatırımlar,,,
40,Diğer Finansal Yatırımlar,,,,
41,,Teminata Verilen Finansal Varlıklar,,,
42,Teminata Verilen Finansal Varlıklar,,,,
43,,Ticari Alacaklar,"10, 37",19.840.432,9.185.761
44,Ticari Alacaklar,,,,
45,,İlişkili Taraflardan Ticari Alacaklar,37,63.234,19.130
46,İlişkili Taraflardan Ticari Alacaklar,,,,
47,,İlişkili Olmayan Taraflardan Ticari Alacaklar,10,19.777.198,9.166.631
48,İlişkili Olmayan Taraflardan Ticari Alacaklar,,,,
49,,Finans Sektörü Faaliyetlerinden Alacaklar,,,
50,Finans Sektörü Faaliyetlerinden Alacaklar,,,,
51,,Finans Sektörü Faaliyetlerinden İlişkili Taraflardan Alacaklar,,,
52,Finans Sektörü Faaliyetlerinden İlişkili Taraflardan Alacaklar,,,,
53,,Finans Sektörü Faaliyetlerinden İlişkili Olmayan Taraflardan Alacaklar,,,
54,Finans Sektörü Faaliyetlerinden İlişkili Olmayan Taraflardan Alacaklar,,,,
55,,Türkiye Cumhuriyet Merkez Bankası Hesabı,,,
56,Türkiye Cumhuriyet Merkez Bankası Hesabı,,,,
57,,Diğer Alacaklar,11,451.699,339.499
58,Diğer Alacaklar,,,,
59,,İlişkili Taraflardan Diğer Alacaklar,,,
60,İlişkili Taraflardan Diğer Alacaklar,,,,
61,,İlişkili Olmayan Taraflardan Diğer Alacaklar,,,
62,İlişkili Olmayan Taraflardan Diğer Alacaklar,,,,
63,,Müşteri Sözleşmelerinden Doğan Varlıklar,15,107.737,121.875
64,Müşteri Sözleşmelerinden Doğan Varlıklar,,,,
65,,Devam Eden İnşaat ve Taahhüt İşlerinden Doğan Sözleşme Varlıkları,,,
66,Devam Eden İnşaat ve Taahhüt İşlerinden Doğan Sözleşme Varlıkları,,,,
67,,Mal ve Hizmet Satışlarından Doğan Sözleşme Varlıkları,,,
68,Mal ve Hizmet Satışlarından Doğan Sözleşme Varlıkları,,,,
69,,Diğer Sözleşme Varlıkları,,,
70,Diğer Sözleşme Varlıkları,,,,
71,,İmtiyaz Sözleşmelerine İlişkin Finansal Varlıklar,,,
72,İmtiyaz Sözleşmelerine İlişkin Finansal Varlıklar,,,,
73,,Türev Araçlar,12,914.267,427.362
74,Türev Araçlar,,,,
75,,Alım Satım Amaçlı Türev Araçlar,,,
76,Alım Satım Amaçlı Türev Araçlar,,,,
77,,Riskten Korunma Amaçlı Türev Araçlar,,,
78,Riskten Korunma Amaçlı Türev Araçlar,,,,
79,,Stoklar,13,19.251.800,8.100.964
80,Stoklar,,,,
81,,Proje Halindeki Stoklar,,,
82,Proje Halindeki Stoklar,,,,
83,,Canlı Varlıklar,,,
84,Canlı Varlıklar,,,,
85,,Peşin Ödenmiş Giderler,14,1.884.991,741.391
86,Peşin Ödenmiş Giderler,,,,
87,,İlişkili Taraflara Peşin Ödenmiş Giderler,,,
88,İlişkili Taraflara Peşin Ödenmiş Giderler,,,,
89,,İlişkili Olmayan Taraflara Peşin Ödenmiş Giderler,,,
90,İlişkili Olmayan Taraflara Peşin Ödenmiş Giderler,,,,
91,,Ertelenmiş Sigortacılık Üretim Giderleri,,,
92,Ertelenmiş Sigortacılık Üretim Giderleri,,,,
93,,Cari Dönem Vergisiyle İlgili Varlıklar,35,56.976,77.416
94,Cari Dönem Vergisiyle İlgili Varlıklar,,,,
95,,Nakit Dışı Serbest Kullanılabilir Teminatlar,,,
96,Nakit Dışı Serbest Kullanılabilir Teminatlar,,,,
97,,Diğer Dönen Varlıklar,27,2.029.331,1.016.457
98,Diğer Dönen Varlıklar,,,,
99,,İlişkili Taraflardan Diğer Dönen Varlıklar,,,
100,İlişkili Taraflardan Diğer Dönen Varlıklar,,,,
101,,İlişkili Olmayan Taraflardan Diğer Dönen Varlıklar,,,
102,İlişkili Olmayan Taraflardan Diğer Dönen Varlıklar,,,,
103,,ARA TOPLAM,,73.609.988,36.086.743
104,ARA TOPLAM,,,,
105,,Satış Amaçlı Sınıflandırılan Duran Varlıklar,,,
106,Satış Amaçlı Sınıflandırılan Duran Varlıklar,,,,
107,,Ortaklara Dağıtılmak Üzere Elde Tutulan Duran Varlıklar,,,
108,Ortaklara Dağıtılmak Üzere Elde Tutulan Duran Varlıklar,,,,
109,,TOPLAM DÖNEN VARLIKLAR,,73.609.988,36.086.743
110,TOPLAM DÖNEN VARLIKLAR,,,,
111,,DURAN VARLIKLAR,,,
112,DURAN VARLIKLAR,,,,
113,,Finansal Yatırımlar,7,801.221,1.069.888
114,Finansal Yatırımlar,,,,
115,,Kullanımı Kısıtlı Banka Bakiyeleri,,,
116,Kullanımı Kısıtlı Banka Bakiyeleri,,,,
117,,Vadeli Mevduatlar,,,
118,Vadeli Mevduatlar,,,,
119,,Satılmaya Hazır Finansal Yatırımlar,,,
120,Satılmaya Hazır Finansal Yatırımlar,,,,
121,,Vadeye Kadar Elde Tutulacak Finansal Yatırımlar,,,
122,Vadeye Kadar Elde Tutulacak Finansal Yatırımlar,,,,
123,,Gerçeğe Uygun Değer Farkı Kar/Zarara Yansıtılan Finansal Varlıklar,,,
124,Gerçeğe Uygun Değer Farkı Kar/Zarara Yansıtılan Finansal Varlıklar,,,,
125,,Alım Satım Amaçlı Elde Tutulan Finansal Varlıklar,,,
126,Alım Satım Amaçlı Elde Tutulan Finansal Varlıklar,,,,
127,,Gerçeğe Uygun Değer Farkı Kar/Zarara Yansıtılarak Ölçülen Diğer Finansal Varlıklar,,,
128,Gerçeğe Uygun Değer Farkı Kar/Zarara Yansıtılarak Ölçülen Diğer Finansal Varlıklar,,,,
129,,Gerçeğe Uygun Değer Farkı Kar/Zarara Yansıtılan Olarak Sınıflandırılan Finansal Varlıklar,,,
130,Gerçeğe Uygun Değer Farkı Kar/Zarara Yansıtılan Olarak Sınıflandırılan Finansal Varlıklar,,,,
131,,Yatırım Riski Hayat Poliçesi Sahiplerine Ait Finansal Yatırımlar,,,
132,Yatırım Riski Hayat Poliçesi Sahiplerine Ait Finansal Yatırımlar,,,,
133,,Gerçeğe Uygun Değer Farkı Diğer Kapsamlı Gelire Yansıtılan Finansal Varlıklar,,,
134,Gerçeğe Uygun Değer Farkı Diğer Kapsamlı Gelire Yansıtılan Finansal Varlıklar,,,,
135,,Gerçeğe Uygun Değer Farkı Diğer Kapsamlı Gelire Yansıtılarak Ölçülen Finansal Varlıklar,,,
136,Gerçeğe Uygun Değer Farkı Diğer Kapsamlı Gelire Yansıtılarak Ölçülen Finansal Varlıklar,,,,
137,,Özkaynağa Dayalı Finansal Araçlara Yapılan Yatırımlar,,,
138,Özkaynağa Dayalı Finansal Araçlara Yapılan Yatırımlar,,,,
139,,İtfa Edilmiş Maliyetiyle Ölçülen Finansal Varlıklar,,,
140,İtfa Edilmiş Maliyetiyle Ölçülen Finansal Varlıklar,,,,
141,,Diğer Finansal Yatırımlar,,,
142,Diğer Finansal Yatırımlar,,,,
143,,"İştirakler, İş Ortaklıkları ve Bağlı Ortaklıklardaki Yatırımlar",,,
144,"İştirakler, İş Ortaklıkları ve Bağlı Ortaklıklardaki Yatırımlar",,,,
145,,Ticari Alacaklar,10,,26
146,Ticari Alacaklar,,,,
147,,İlişkili Taraflardan Ticari Alacaklar,,,
148,İlişkili Taraflardan Ticari Alacaklar,,,,
149,,İlişkili Olmayan Taraflardan Ticari Alacaklar,,,
150,İlişkili Olmayan Taraflardan Ticari Alacaklar,,,,
151,,Finans Sektörü Faaliyetlerinden Alacaklar,,,
152,Finans Sektörü Faaliyetlerinden Alacaklar,,,,
153,,Finans Sektörü Faaliyetlerinden İlişkili Taraflardan Alacaklar,,,
154,Finans Sektörü Faaliyetlerinden İlişkili Taraflardan Alacaklar,,,,
155,,Finans Sektörü Faaliyetlerinden İlişkili Olmayan Taraflardan Alacaklar,,,
156,Finans Sektörü Faaliyetlerinden İlişkili Olmayan Taraflardan Alacaklar,,,,
157,,Diğer Alacaklar,11,101.687,142.903
158,Diğer Alacaklar,,,,
159,,İlişkili Taraflardan Diğer Alacaklar,,,
160,İlişkili Taraflardan Diğer Alacaklar,,,,
161,,İlişkili Olmayan Taraflardan Diğer Alacaklar,,,
162,İlişkili Olmayan Taraflardan Diğer Alacaklar,,,,
163,,Müşteri Sözleşmelerinden Doğan Varlıklar,,,
164,Müşteri Sözleşmelerinden Doğan Varlıklar,,,,
165,,Devam Eden İnşaat ve Taahhüt İşlerinden Doğan Sözleşme Varlıkları,,,
166,Devam Eden İnşaat ve Taahhüt İşlerinden Doğan Sözleşme Varlıkları,,,,
167,,Mal ve Hizmet Satışlarından Doğan Sözleşme Varlıkları,,,
168,Mal ve Hizmet Satışlarından Doğan Sözleşme Varlıkları,,,,
169,,Diğer Sözleşme Varlıkları,,,
170,Diğer Sözleşme Varlıkları,,,,
171,,İmtiyaz Sözleşmelerine İlişkin Finansal Varlıklar,,,
172,İmtiyaz Sözleşmelerine İlişkin Finansal Varlıklar,,,,
173,,Türev Araçlar,12,1.185.630,647.328
174,Türev Araçlar,,,,
175,,Alım Satım Amaçlı Türev Araçlar,,,
176,Alım Satım Amaçlı Türev Araçlar,,,,
177,,Riskten Korunma Amaçlı Türev Araçlar,,,
178,Riskten Korunma Amaçlı Türev Araçlar,,,,
179,,Stoklar,,,
180,Stoklar,,,,
181,,Özkaynak Yöntemiyle Değerlenen Yatırımlar,16,1.891.365,1.652.925
182,Özkaynak Yöntemiyle Değerlenen Yatırımlar,,,,
183,,Canlı Varlıklar,,,
184,Canlı Varlıklar,,,,
185,,Yatırım Amaçlı Gayrimenkuller,17,5.151.242,1.468.823
186,Yatırım Amaçlı Gayrimenkuller,,,,
187,,Proje Halindeki Yatırım Amaçlı Gayrimenkuller,,,
188,Proje Halindeki Yatırım Amaçlı Gayrimenkuller,,,,
189,,Maddi Duran Varlıklar,18,54.565.655,33.132.654
190,Maddi Duran Varlıklar,,,,
191,,Arazi ve Arsalar,,,
192,Arazi ve Arsalar,,,,
193,,Yeraltı ve Yerüstü Düzenlemeleri,,,
194,Yeraltı ve Yerüstü Düzenlemeleri,,,,
195,,Binalar,,,
196,Binalar,,,,
197,,"Tesis, Makine ve Cihazlar",,,
198,"Tesis, Makine ve Cihazlar",,,,
199,,Taşıtlar,,,
200,Taşıtlar,,,,
201,,Mobilya ve Demirbaşlar,,,
202,Mobilya ve Demirbaşlar,,,,
203,,Özel Maliyetler,,,
204,Özel Maliyetler,,,,
205,,Taşıyıcı Bitkiler,,,
206,Taşıyıcı Bitkiler,,,,
207,,Özel Tükenmeye Tabi Varlıklar,,,
208,Özel Tükenmeye Tabi Varlıklar,,,,
209,,Yapılmakta Olan Yatırımlar,,,
210,Yapılmakta Olan Yatırımlar,,,,
211,,Faaliyet Kiralamasına Konu Varlıklar,,,
212,Faaliyet Kiralamasına Konu Varlıklar,,,,
213,,Diğer Maddi Duran Varlıklar,,,
214,Diğer Maddi Duran Varlıklar,,,,
215,,Kullanım Hakkı Varlıkları,19,996.641,466.086
216,Kullanım Hakkı Varlıkları,,,,
217,,Maddi Olmayan Duran Varlıklar,"20, 21",21.742.972,15.775.737
218,Maddi Olmayan Duran Varlıklar,,,,
219,,Şerefiye,21,812.391,639.201
220,Şerefiye,,,,
221,,İmtiyaz Sözleşmelerinden Doğan Haklar,,,
222,İmtiyaz Sözleşmelerinden Doğan Haklar,,,,
223,,Diğer Haklar,,,
224,Diğer Haklar,,,,
225,,Patentler,,,
226,Patentler,,,,
227,,Markalar,,,
228,Markalar,,,,
229,,Lisanslar,,,
230,Lisanslar,,,,
231,,Bilgisayar Yazılımları,,,
232,Bilgisayar Yazılımları,,,,
233,,Aktifleştirilen Geliştirme Maliyetleri,,,
234,Aktifleştirilen Geliştirme Maliyetleri,,,,
235,,Diğer Maddi Olmayan Duran Varlıklar,20,20.930.581,15.136.536
236,Diğer Maddi Olmayan Duran Varlıklar,,,,
237,,Peşin Ödenmiş Giderler,14,2.332.642,641.065
238,Peşin Ödenmiş Giderler,,,,
239,,İlişkili Taraflara Peşin Ödenmiş Giderler,,,
240,İlişkili Taraflara Peşin Ödenmiş Giderler,,,,
241,,İlişkili Olmayan Taraflara Peşin Ödenmiş Giderler,,,
242,İlişkili Olmayan Taraflara Peşin Ödenmiş Giderler,,,,
243,,Ertelenmiş Vergi Varlığı,35,1.563.776,1.158.118
244,Ertelenmiş Vergi Varlığı,,,,
245,,Cari Dönem Vergisiyle İlgili Duran Varlıklar,,,
246,Cari Dönem Vergisiyle İlgili Duran Varlıklar,,,,
247,,Nakit Dışı Serbest Kullanılabilir Teminatlar,,,
248,Nakit Dışı Serbest Kullanılabilir Teminatlar,,,,
249,,Diğer Duran Varlıklar,27,2.654,18.405
250,Diğer Duran Varlıklar,,,,
251,,İlişkili Taraflara İlişkin Diğer Duran Varlıklar,,,
252,İlişkili Taraflara İlişkin Diğer Duran Varlıklar,,,,
253,,İlişkili Olmayan Taraflara İlişkin Diğer Duran Varlıklar,,,
254,İlişkili Olmayan Taraflara İlişkin Diğer Duran Varlıklar,,,,
255,,TOPLAM DURAN VARLIKLAR,,90.335.485,56.173.958
256,TOPLAM DURAN VARLIKLAR,,,,
257,,TOPLAM VARLIKLAR,,163.945.473,92.260.701
258,TOPLAM VARLIKLAR,,,,
259,,KAYNAKLAR,,,
260,KAYNAKLAR,,,,
261,,KISA VADELİ YÜKÜMLÜLÜKLER,,,
262,KISA VADELİ YÜKÜMLÜLÜKLER,,,,
263,,Kısa Vadeli Borçlanmalar,8,14.281.212,3.525.327
264,Kısa Vadeli Borçlanmalar,,,,
265,,İlişkili Taraflardan Kısa Vadeli Borçlanmalar,,,
266,İlişkili Taraflardan Kısa Vadeli Borçlanmalar,,,,
267,,Banka Kredileri,,,
268,Banka Kredileri,,,,
269,,Kiralama İşlemlerinden Borçlar,,,
270,Kiralama İşlemlerinden Borçlar,,,,
271,,İhraç Edilmiş Borçlanma Araçları,,,
272,İhraç Edilmiş Borçlanma Araçları,,,,
273,,Diğer Kısa Vadeli Borçlanmalar,,,
274,Diğer Kısa Vadeli Borçlanmalar,,,,
275,,İlişkili Olmayan Taraflardan Kısa Vadeli Borçlanmalar,,,
276,İlişkili Olmayan Taraflardan Kısa Vadeli Borçlanmalar,,,,
277,,Banka Kredileri,,,
278,Banka Kredileri,,,,
279,,Kiralama İşlemlerinden Borçlar,,,
280,Kiralama İşlemlerinden Borçlar,,,,
281,,İhraç Edilmiş Borçlanma Araçları,,,
282,İhraç Edilmiş Borçlanma Araçları,,,,
283,,Diğer Kısa Vadeli Borçlanmalar,,,
284,Diğer Kısa Vadeli Borçlanmalar,,,,
285,,Uzun Vadeli Borçlanmaların Kısa Vadeli Kısımları,8,4.306.640,6.913.434
286,Uzun Vadeli Borçlanmaların Kısa Vadeli Kısımları,,,,
287,,İlişkili Taraflardan Uzun Vadeli Borçlanmaların Kısa Vadeli Kısımları,,,
288,İlişkili Taraflardan Uzun Vadeli Borçlanmaların Kısa Vadeli Kısımları,,,,
289,,Banka Kredileri,,,
290,Banka Kredileri,,,,
291,,Kiralama İşlemlerinden Borçlar,,,
292,Kiralama İşlemlerinden Borçlar,,,,
293,,İhraç Edilmiş Borçlanma Araçları,,,
294,İhraç Edilmiş Borçlanma Araçları,,,,
295,,Diğer Uzun Vadeli Borçlanmaların Kısa Vadeli Kısımları,,,
296,Diğer Uzun Vadeli Borçlanmaların Kısa Vadeli Kısımları,,,,
297,,İlişkili Olmayan Taraflardan Uzun Vadeli Borçlanmaların Kısa Vadeli Kısımları,,,
298,İlişkili Olmayan Taraflardan Uzun Vadeli Borçlanmaların Kısa Vadeli Kısımları,,,,
299,,Banka Kredileri,,,
300,Banka Kredileri,,,,
301,,Kiralama İşlemlerinden Borçlar,,,
302,Kiralama İşlemlerinden Borçlar,,,,
303,,İhraç Edilmiş Borçlanma Araçları,,,
304,İhraç Edilmiş Borçlanma Araçları,,,,
305,,Diğer Uzun Vadeli Borçlanmaların Kısa Vadeli Kısımları,,,
306,Diğer Uzun Vadeli Borçlanmaların Kısa Vadeli Kısımları,,,,
307,,Diğer Finansal Yükümlülükler,,,
308,Diğer Finansal Yükümlülükler,,,,
309,,Kontrol Gücü Olmayan Paylara İlişkin Satış Opsiyon Yükümlülükleri,,,
310,Kontrol Gücü Olmayan Paylara İlişkin Satış Opsiyon Yükümlülükleri,,,,
311,,Finansal Teminat Sözleşmeleri,,,
312,Finansal Teminat Sözleşmeleri,,,,
313,,Diğer Muhtelif Finansal Yükümlülükler,,,
314,Diğer Muhtelif Finansal Yükümlülükler,,,,
315,,Ticari Borçlar,"10, 37",11.331.067,5.037.395
316,Ticari Borçlar,,,,
317,,İlişkili Taraflara Ticari Borçlar,37,216.363,163.228
318,İlişkili Taraflara Ticari Borçlar,,,,
319,,İlişkili Olmayan Taraflara Ticari Borçlar,10,11.114.704,4.874.167
320,İlişkili Olmayan Taraflara Ticari Borçlar,,,,
321,,Finans Sektörü Faaliyetlerinden Borçlar,,,
322,Finans Sektörü Faaliyetlerinden Borçlar,,,,
323,,Finans Sektörü Faaliyetlerinden İlişkili Taraflara Borçlar,,,
324,Finans Sektörü Faaliyetlerinden İlişkili Taraflara Borçlar,,,,
325,,Finans Sektörü Faaliyetlerinden İlişkili Olmayan Taraflara Borçlar,,,
326,Finans Sektörü Faaliyetlerinden İlişkili Olmayan Taraflara Borçlar,,,,
327,,Çalışanlara Sağlanan Faydalar Kapsamında Borçlar,25,553.155,255.526
328,Çalışanlara Sağlanan Faydalar Kapsamında Borçlar,,,,
329,,Diğer Borçlar,"11, 37",653.978,347.021
330,Diğer Borçlar,,,,
331,,İlişkili Taraflara Diğer Borçlar,37,48.596,5.008
332,İlişkili Taraflara Diğer Borçlar,,,,
333,,İlişkili Olmayan Taraflara Diğer Borçlar,11,605.382,342.013
334,İlişkili Olmayan Taraflara Diğer Borçlar,,,,
335,,Müşteri Sözleşmelerinden Doğan Yükümlülükler,15,222.857,110.857
336,Müşteri Sözleşmelerinden Doğan Yükümlülükler,,,,
337,,Devam Eden İnşaat ve Taahhüt İşlerinden Doğan Sözleşme Yükümlülükleri,,,
338,Devam Eden İnşaat ve Taahhüt İşlerinden Doğan Sözleşme Yükümlülükleri,,,,
339,,Mal ve Hizmet Satışlarından Doğan Sözleşme Yükümlülükleri,,,
340,Mal ve Hizmet Satışlarından Doğan Sözleşme Yükümlülükleri,,,,
341,,Diğer Sözleşme Yükümlülükleri,,,
342,Diğer Sözleşme Yükümlülükleri,,,,
343,,Özkaynak Yöntemiyle Değerlenen Yatırımlardan Yükümlülükler,,,
344,Özkaynak Yöntemiyle Değerlenen Yatırımlardan Yükümlülükler,,,,
345,,Türev Araçlar,12,291.587,29.473
346,Türev Araçlar,,,,
347,,Alım Satım Amaçlı Türev Araçlar,,,
348,Alım Satım Amaçlı Türev Araçlar,,,,
349,,Riskten Korunma Amaçlı Türev Araçlar,,,
350,Riskten Korunma Amaçlı Türev Araçlar,,,,
351,,Devlet Teşvik ve Yardımları,,,
352,Devlet Teşvik ve Yardımları,,,,
353,,Ertelenmiş Gelirler (Müşteri Sözleşmelerinden Doğan Yükümlülüklerin Dışında Kalanlar),14,1.335.339,405.904
354,Ertelenmiş Gelirler (Müşteri Sözleşmelerinden Doğan Yükümlülüklerin Dışında Kalanlar),,,,
355,,İlişkili Taraflardan Ertelenmiş Gelirler (Müşteri Sözleşmelerinden Doğan Yükümlülüklerin Dışında Kalanlar),,,
356,İlişkili Taraflardan Ertelenmiş Gelirler (Müşteri Sözleşmelerinden Doğan Yükümlülüklerin Dışında Kalanlar),,,,
357,,İlişkili Olmayan Taraflardan Ertelenmiş Gelirler (Müşteri Sözleşmelerinden Doğan Yükümlülüklerin Dışında Kalanlar),,,
358,İlişkili Olmayan Taraflardan Ertelenmiş Gelirler (Müşteri Sözleşmelerinden Doğan Yükümlülüklerin Dışında Kalanlar),,,,
359,,Dönem Karı Vergi Yükümlülüğü,35,82.697,868.425
360,Dönem Karı Vergi Yükümlülüğü,,,,
361,,Kısa Vadeli Karşılıklar,"23, 25",1.138.326,906.826
362,Kısa Vadeli Karşılıklar,,,,
363,,Çalışanlara Sağlanan Faydalara İlişkin Kısa Vadeli Karşılıklar,,,
364,Çalışanlara Sağlanan Faydalara İlişkin Kısa Vadeli Karşılıklar,,,,
365,,Sigortacılık Teknik Karşılıkları,,,
366,Sigortacılık Teknik Karşılıkları,,,,
367,,Diğer Kısa Vadeli Karşılıklar,,,
368,Diğer Kısa Vadeli Karşılıklar,,,,
369,,Diğer Kısa Vadeli Yükümlülükler,27,1.326.997,797.447
370,Diğer Kısa Vadeli Yükümlülükler,,,,
371,,İlişkili Taraflara Diğer Kısa Vadeli Yükümlülükler,,,
372,İlişkili Taraflara Diğer Kısa Vadeli Yükümlülükler,,,,
373,,İlişkili Olmayan Taraflara Diğer Kısa Vadeli Yükümlülükler,,,
374,İlişkili Olmayan Taraflara Diğer Kısa Vadeli Yükümlülükler,,,,
375,,ARA TOPLAM,,35.523.855,19.197.635
376,ARA TOPLAM,,,,
377,,Satış Amaçlı Sınıflandırılan Varlık Gruplarına İlişkin Yükümlülükler,,,
378,Satış Amaçlı Sınıflandırılan Varlık Gruplarına İlişkin Yükümlülükler,,,,
379,,Ortaklara Dağıtılmak Üzere Elde Tutulan Varlık Gruplarına İlişkin Yükümlülükler,,,
380,Ortaklara Dağıtılmak Üzere Elde Tutulan Varlık Gruplarına İlişkin Yükümlülükler,,,,
381,,TOPLAM KISA VADELİ YÜKÜMLÜLÜKLER,,35.523.855,19.197.635
382,TOPLAM KISA VADELİ YÜKÜMLÜLÜKLER,,,,
383,,UZUN VADELİ YÜKÜMLÜLÜKLER,,,
384,UZUN VADELİ YÜKÜMLÜLÜKLER,,,,
385,,Uzun Vadeli Borçlanmalar,8,28.324.384,17.231.076
386,Uzun Vadeli Borçlanmalar,,,,
387,,İlişkili Taraflardan Uzun Vadeli Borçlanmalar,,,
388,İlişkili Taraflardan Uzun Vadeli Borçlanmalar,,,,
389,,Banka Kredileri,,,
390,Banka Kredileri,,,,
391,,Kiralama İşlemlerinden Borçlar,,,
392,Kiralama İşlemlerinden Borçlar,,,,
393,,İhraç Edilmiş Borçlanma Araçları,,,
394,İhraç Edilmiş Borçlanma Araçları,,,,
395,,Diğer Uzun Vadeli Borçlanmalar,,,
396,Diğer Uzun Vadeli Borçlanmalar,,,,
397,,İlişkili Olmayan Taraflardan Uzun Vadeli Borçlanmalar,,,
398,İlişkili Olmayan Taraflardan Uzun Vadeli Borçlanmalar,,,,
399,,Banka Kredileri,,,
400,Banka Kredileri,,,,
401,,Kiralama İşlemlerinden Borçlar,,,
402,Kiralama İşlemlerinden Borçlar,,,,
403,,İhraç Edilmiş Borçlanma Araçları,,,
404,İhraç Edilmiş Borçlanma Araçları,,,,
405,,Diğer Uzun Vadeli Borçlanmalar,,,
406,Diğer Uzun Vadeli Borçlanmalar,,,,
407,,Diğer Finansal Yükümlülükler,,,
408,Diğer Finansal Yükümlülükler,,,,
409,,Kontrol Gücü Olmayan Paylara İlişkin Satış Opsiyon Yükümlülükleri,,,
410,Kontrol Gücü Olmayan Paylara İlişkin Satış Opsiyon Yükümlülükleri,,,,
411,,Finansal Teminat Sözleşmeleri,,,
412,Finansal Teminat Sözleşmeleri,,,,
413,,Diğer Muhtelif Finansal Yükümlülükler,,,
414,Diğer Muhtelif Finansal Yükümlülükler,,,,
415,,Ticari Borçlar,,,
416,Ticari Borçlar,,,,
417,,İlişkili Taraflara Ticari Borçlar,,,
418,İlişkili Taraflara Ticari Borçlar,,,,
419,,İlişkili Olmayan Taraflara Ticari Borçlar,,,
420,İlişkili Olmayan Taraflara Ticari Borçlar,,,,
421,,Finans Sektörü Faaliyetlerinden Borçlar,,,
422,Finans Sektörü Faaliyetlerinden Borçlar,,,,
423,,Finans Sektörü Faaliyetlerinden İlişkili Taraflara Borçlar,,,
424,Finans Sektörü Faaliyetlerinden İlişkili Taraflara Borçlar,,,,
425,,Finans Sektörü Faaliyetlerinden İlişkili Olmayan Taraflara Borçlar,,,
426,Finans Sektörü Faaliyetlerinden İlişkili Olmayan Taraflara Borçlar,,,,
427,,Çalışanlara Sağlanan Faydalar Kapsamında Borçlar,,,
428,Çalışanlara Sağlanan Faydalar Kapsamında Borçlar,,,,
429,,Diğer Borçlar,11,5.114,3.002
430,Diğer Borçlar,,,,
431,,İlişkili Taraflara Diğer Borçlar,,,
432,İlişkili Taraflara Diğer Borçlar,,,,
433,,İlişkili Olmayan Taraflara Diğer Borçlar,,,
434,İlişkili Olmayan Taraflara Diğer Borçlar,,,,
435,,Müşteri Sözleşmelerinden Doğan Yükümlülükler,,,
436,Müşteri Sözleşmelerinden Doğan Yükümlülükler,,,,
437,,Devam Eden İnşaat ve Taahhüt İşlerinden Doğan Sözleşme Yükümlülükleri,,,
438,Devam Eden İnşaat ve Taahhüt İşlerinden Doğan Sözleşme Yükümlülükleri,,,,
439,,Mal ve Hizmet Satışlarından Doğan Sözleşme Yükümlülükleri,,,
440,Mal ve Hizmet Satışlarından Doğan Sözleşme Yükümlülükleri,,,,
441,,Diğer Sözleşme Yükümlülükleri,,,
442,Diğer Sözleşme Yükümlülükleri,,,,
443,,Özkaynak Yöntemiyle Değerlenen Yatırımlardan Yükümlülükler,,,
444,Özkaynak Yöntemiyle Değerlenen Yatırımlardan Yükümlülükler,,,,
445,,Türev Araçlar,12,9.495,42.280
446,Türev Araçlar,,,,
447,,Alım Satım Amaçlı Türev Araçlar,,,
448,Alım Satım Amaçlı Türev Araçlar,,,,
449,,Riskten Korunma Amaçlı Türev Araçlar,,,
450,Riskten Korunma Amaçlı Türev Araçlar,,,,
451,,Devlet Teşvik ve Yardımları,,,
452,Devlet Teşvik ve Yardımları,,,,
453,,Ertelenmiş Gelirler (Müşteri Sözleşmelerinden Doğan Yükümlülüklerin Dışında Kalanlar),14,266.427,226.706
454,Ertelenmiş Gelirler (Müşteri Sözleşmelerinden Doğan Yükümlülüklerin Dışında Kalanlar),,,,
455,,İlişkili Taraflardan Ertelenmiş Gelirler (Müşteri Sözleşmelerinden Doğan Yükümlülüklerin Dışında Kalanlar),,,
456,İlişkili Taraflardan Ertelenmiş Gelirler (Müşteri Sözleşmelerinden Doğan Yükümlülüklerin Dışında Kalanlar),,,,
457,,İlişkili Olmayan Taraflardan Ertelenmiş Gelirler (Müşteri Sözleşmelerinden Doğan Yükümlülüklerin Dışında Kalanlar),,,
458,İlişkili Olmayan Taraflardan Ertelenmiş Gelirler (Müşteri Sözleşmelerinden Doğan Yükümlülüklerin Dışında Kalanlar),,,,
459,,Uzun Vadeli Karşılıklar,25,3.710.712,2.000.551
460,Uzun Vadeli Karşılıklar,,,,
461,,Çalışanlara Sağlanan Faydalara İlişkin Uzun Vadeli Karşılıklar,,,
462,Çalışanlara Sağlanan Faydalara İlişkin Uzun Vadeli Karşılıklar,,,,
463,,Genel Karşılıklar,,,
464,Genel Karşılıklar,,,,
465,,Muhtemel Riskler İçin Ayrılan Serbest Karşılıklar,,,
466,Muhtemel Riskler İçin Ayrılan Serbest Karşılıklar,,,,
467,,Sigortacılık Teknik Karşılıkları,,,
468,Sigortacılık Teknik Karşılıkları,,,,
469,,Diğer Uzun Vadeli Karşılıklar,,,
470,Diğer Uzun Vadeli Karşılıklar,,,,
471,,Cari Dönem Vergisiyle İlgili Borçlar,,,
472,Cari Dönem Vergisiyle İlgili Borçlar,,,,
473,,Ertelenmiş Vergi Yükümlülüğü,35,833.524,618.045
474,Ertelenmiş Vergi Yükümlülüğü,,,,
475,,Diğer Uzun Vadeli Yükümlülükler,27,144.195,12.181
476,Diğer Uzun Vadeli Yükümlülükler,,,,
477,,İlişkili Taraflara Diğer Uzun Vadeli Yükümlülükler,,,
478,İlişkili Taraflara Diğer Uzun Vadeli Yükümlülükler,,,,
479,,İlişkili Olmayan Taraflara Diğer Uzun Vadeli Yükümlülükler,,,
480,İlişkili Olmayan Taraflara Diğer Uzun Vadeli Yükümlülükler,,,,
481,,TOPLAM UZUN VADELİ YÜKÜMLÜLÜKLER,,33.293.851,20.133.841
482,TOPLAM UZUN VADELİ YÜKÜMLÜLÜKLER,,,,
483,,TOPLAM YÜKÜMLÜLÜKLER,,68.817.706,39.331.476
484,TOPLAM YÜKÜMLÜLÜKLER,,,,
485,,ÖZKAYNAKLAR,,,
486,ÖZKAYNAKLAR,,,,
487,,Ana Ortaklığa Ait Özkaynaklar,28,76.527.911,39.801.098
488,Ana Ortaklığa Ait Özkaynaklar,,,,
489,,Ödenmiş Sermaye,,3.063.214,3.063.214
490,Ödenmiş Sermaye,,,,
491,,Sermaye Düzeltme Farkları,,320.075,320.075
492,Sermaye Düzeltme Farkları,,,,
493,,Birleşme Denkleştirme Hesabı,,,
494,Birleşme Denkleştirme Hesabı,,,,
495,,Pay Sahiplerinin İlave Sermaye Katkıları,,,
496,Pay Sahiplerinin İlave Sermaye Katkıları,,,,
497,,Sermaye Avansı,,,
498,Sermaye Avansı,,,,
499,,Geri Alınmış Paylar (-),,-51.749,-39.213
500,Geri Alınmış Paylar (-),,,,
501,,Karşılıklı İştirak Sermaye Düzeltmesi (-),,,
502,Karşılıklı İştirak Sermaye Düzeltmesi (-),,,,
503,,Paylara İlişkin Primler (İskontolar),,167.048,167.048
504,Paylara İlişkin Primler (İskontolar),,,,
505,,Ortak Kontrole Tabi Teşebbüs veya İşletmeleri İçeren Birleşmelerin Etkisi,,,
506,Ortak Kontrole Tabi Teşebbüs veya İşletmeleri İçeren Birleşmelerin Etkisi,,,,
507,,Kontrol Gücü Olmayan Paylara İlişkin Satış Opsiyon Değerleme Fonu,,,
508,Kontrol Gücü Olmayan Paylara İlişkin Satış Opsiyon Değerleme Fonu,,,,
509,,Pay Bazlı Ödemeler (-),,,
510,Pay Bazlı Ödemeler (-),,,,
511,,Kar veya Zararda Yeniden Sınıflandırılmayacak Birikmiş Diğer Kapsamlı Gelirler (Giderler),,15.739.761,6.139.201
512,Kar veya Zararda Yeniden Sınıflandırılmayacak Birikmiş Diğer Kapsamlı Gelirler (Giderler),,,,
513,,Özkaynağa Dayalı Finansal Araçlara Yatırımlardan Kaynaklanan Kazançlar (Kayıplar),,,
514,Özkaynağa Dayalı Finansal Araçlara Yatırımlardan Kaynaklanan Kazançlar (Kayıplar),,,,
515,,Yeniden Değerleme ve Ölçüm Kazançları (Kayıpları),,15.739.761,6.139.201
516,Yeniden Değerleme ve Ölçüm Kazançları (Kayıpları),,,,
517,,Maddi Duran Varlık Yeniden Değerleme Artışları (Azalışları),,15.797.595,6.240.309
518,Maddi Duran Varlık Yeniden Değerleme Artışları (Azalışları),,,,
519,,Maddi Olmayan Duran Varlık Yeniden Değerleme Artışları (Azalışları),,,
520,Maddi Olmayan Duran Varlık Yeniden Değerleme Artışları (Azalışları),,,,
521,,Kullanım Hakkı Varlıkları Yeniden Değerleme Artışları (Azalışları),,,
522,Kullanım Hakkı Varlıkları Yeniden Değerleme Artışları (Azalışları),,,,
523,,Tanımlanmış Fayda Planları Yeniden Ölçüm Kazançları (Kayıpları),,-57.834,-101.108
524,Tanımlanmış Fayda Planları Yeniden Ölçüm Kazançları (Kayıpları),,,,
525,,Diğer Yeniden Değerleme ve Ölçüm Kazançları (Kayıpları),,,
526,Diğer Yeniden Değerleme ve Ölçüm Kazançları (Kayıpları),,,,
527,,Kredi Riskindeki Değişikliğe Bağlı Olarak Finansal Yükümlülüğün Gerçeğe Uygun Değerindeki Değişikliklerden Kaynaklanan Kazançlar (Kayıplar),,,
528,Kredi Riskindeki Değişikliğe Bağlı Olarak Finansal Yükümlülüğün Gerçeğe Uygun Değerindeki Değişikliklerden Kaynaklanan Kazançlar (Kayıplar),,,,
529,,Özkaynağa Dayalı Finansal Araçlara Yapılan Yatırımlara İlişkin Finansal Riskten Korunma Kazançları (Kayıpları),,,
530,Özkaynağa Dayalı Finansal Araçlara Yapılan Yatırımlara İlişkin Finansal Riskten Korunma Kazançları (Kayıpları),,,,
531,,Özkaynak Yöntemi ile Değerlenen Yatırımların Diğer Kapsamlı Gelirinden Kar veya Zararda Sınıflandırılmayacak Paylar,,,
532,Özkaynak Yöntemi ile Değerlenen Yatırımların Diğer Kapsamlı Gelirinden Kar veya Zararda Sınıflandırılmayacak Paylar,,,,
533,,Yabancı Para Çevrim Farkları,,,
534,Yabancı Para Çevrim Farkları,,,,
535,,Diğer Kazançlar (Kayıplar),,,
536,Diğer Kazançlar (Kayıplar),,,,
537,,Kar veya Zararda Yeniden Sınıflandırılacak Birikmiş Diğer Kapsamlı Gelirler (Giderler),,17.502.288,9.213.439
538,Kar veya Zararda Yeniden Sınıflandırılacak Birikmiş Diğer Kapsamlı Gelirler (Giderler),,,,
539,,Yabancı Para Çevrim Farkları,,17.202.279,9.402.111
540,Yabancı Para Çevrim Farkları,,,,
541,,Riskten Korunma Kazançları (Kayıpları),,300.009,-188.672
542,Riskten Korunma Kazançları (Kayıpları),,,,
543,,Nakit Akış Riskinden Korunma Kazançları (Kayıpları),,,
544,Nakit Akış Riskinden Korunma Kazançları (Kayıpları),,,,
545,,Yurtdışındaki İşletmeye İlişkin Yatırım Riskinden Korunma Kazançları (Kayıpları),,,
546,Yurtdışındaki İşletmeye İlişkin Yatırım Riskinden Korunma Kazançları (Kayıpları),,,,
547,,Diğer Riskten Korunma Kazançları (Kayıpları),,,
548,Diğer Riskten Korunma Kazançları (Kayıpları),,,,
549,,Yeniden Değerleme ve Sınıflandırma Kazançları (Kayıpları),,,
550,Yeniden Değerleme ve Sınıflandırma Kazançları (Kayıpları),,,,
551,,Satılmaya Hazır Finansal Varlıkların Yeniden Değerleme ve/veya Sınıflandırma Kazançları (Kayıpları),,,
552,Satılmaya Hazır Finansal Varlıkların Yeniden Değerleme ve/veya Sınıflandırma Kazançları (Kayıpları),,,,
553,,Gerçeğe Uygun Değer Farkı Diğer Kapsamlı Gelire Yansıtılan Finansal Varlıklardan Kazançlar (Kayıplar),,,
554,Gerçeğe Uygun Değer Farkı Diğer Kapsamlı Gelire Yansıtılan Finansal Varlıklardan Kazançlar (Kayıplar),,,,
555,,Diğer Yeniden Değerleme ve Sınıflandırma Kazançları (Kayıpları),,,
556,Diğer Yeniden Değerleme ve Sınıflandırma Kazançları (Kayıpları),,,,
557,,Opsiyonların Zaman Değerindeki Değişiklikler,,,
558,Opsiyonların Zaman Değerindeki Değişiklikler,,,,
559,,Forward Sözleşmesinin Forward Bileşeninin Değerindeki Değişiklikler,,,
560,Forward Sözleşmesinin Forward Bileşeninin Değerindeki Değişiklikler,,,,
561,,Yabancı Para Alım Satım Marjlarındaki Değişiklikler,,,
562,Yabancı Para Alım Satım Marjlarındaki Değişiklikler,,,,
563,,Özkaynak Yöntemi ile Değerlenen Yatırımların Diğer Kapsamlı Gelirinden Kar/Zararda Sınıflandırılacak Paylar,,,
564,Özkaynak Yöntemi ile Değerlenen Yatırımların Diğer Kapsamlı Gelirinden Kar/Zararda Sınıflandırılacak Paylar,,,,
565,,Diğer Kazançlar (Kayıplar),,,
566,Diğer Kazançlar (Kayıplar),,,,
567,,Kardan Ayrılan Kısıtlanmış Yedekler,,1.135.832,1.517.852
568,Kardan Ayrılan Kısıtlanmış Yedekler,,,,
569,,Sermayeye Eklenecek Gayrimenkul veya İştirak Satış Kazancı,,,
570,Sermayeye Eklenecek Gayrimenkul veya İştirak Satış Kazancı,,,,
571,,Yasal Yedekler,,,
572,Yasal Yedekler,,,,
573,,Geri Alınan Paylara İlişkin Yedekler,,,
574,Geri Alınan Paylara İlişkin Yedekler,,,,
575,,Girişim Sermayesi Fonu,,,
576,Girişim Sermayesi Fonu,,,,
577,,Diğer Kısıtlanmış Yedekler,,,
578,Diğer Kısıtlanmış Yedekler,,,,
579,,Diğer Özkaynak Payları,,,
580,Diğer Özkaynak Payları,,,,
581,,Diğer Yedekler,,,
582,Diğer Yedekler,,,,
583,,Ödenen Kar Payı Avansları (Net) (-),,,
584,Ödenen Kar Payı Avansları (Net) (-),,,,
585,,Geçmiş Yıllar Karları veya Zararları,,19.306.383,10.379.285
586,Geçmiş Yıllar Karları veya Zararları,,,,
587,,Net Dönem Karı veya Zararı,,19.345.059,9.040.197
588,Net Dönem Karı veya Zararı,,,,
589,,Kontrol Gücü Olmayan Paylar,"4, 28",18.599.856,13.128.127
590,Kontrol Gücü Olmayan Paylar,,,,
591,,TOPLAM ÖZKAYNAKLAR,,95.127.767,52.929.225
592,TOPLAM ÖZKAYNAKLAR,,,,
593,,TOPLAM KAYNAKLAR,,163.945.473,92.260.701
594,TOPLAM KAYNAKLAR,,,,
