,LEVEL1,LEVEL2,LEVEL3,TARİH,DEĞER
0,,,Finansal Durum Tablosu (Bilanço),31.12.2022,
1,VARLIKLAR,,Varlıklar,31.12.2022,
2,VARLIKLAR,DÖNEN VARLIKLAR,DÖNEN VARLIKLAR,31.12.2022,
3,VARLIKLAR,DÖNEN VARLIKLAR,Nakit ve Nakit Benzerleri,31.12.2022,47.635.158
4,VARLIKLAR,DÖNEN VARLIKLAR,Gayrimenkul Projeleri Kapsamında Açılan Nakit Hesapları,31.12.2022,
5,VARLIKLAR,DÖNEN VARLIKLAR,Finansal Yatırımlar,31.12.2022,2.135.177
6,VARLIKLAR,DÖNEN VARLIKLAR,Kullanımı Kısıtlı Banka Bakiyeleri,31.12.2022,
7,VARLIKLAR,DÖNEN VARLIKLAR,Vadeli Mevduatlar,31.12.2022,
8,VARLIKLAR,DÖNEN VARLIKLAR,Satılmaya Hazır Finansal Varlıklar,31.12.2022,
9,VARLIKLAR,DÖNEN VARLIKLAR,Vadeye Kadar Elde Tutulacak Finansal Yatırımlar,31.12.2022,
10,VARLIKLAR,DÖNEN VARLIKLAR,Gerçeğe Uygun Değer Farkı Kar/Zarara Yansıtılan Finansal Varlıklar,31.12.2022,
11,VARLIKLAR,DÖNEN VARLIKLAR,Alım Satım Amaçlı Elde Tutulan Finansal Varlıklar,31.12.2022,
12,VARLIKLAR,DÖNEN VARLIKLAR,Gerçeğe Uygun Değer Farkı Kar/Zarara Yansıtılarak Ölçülen Diğer Finansal Varlıklar,31.12.2022,
13,VARLIKLAR,DÖNEN VARLIKLAR,Gerçeğe Uygun Değer Farkı Kar/Zarara Yansıtılan Olarak Sınıflandırılan Finansal Varlıklar,31.12.2022,
14,VARLIKLAR,DÖNEN VARLIKLAR,Yatırım Riski Hayat Poliçesi Sahiplerine Ait Finansal Yatırımlar,31.12.2022,
15,VARLIKLAR,DÖNEN VARLIKLAR,Gerçeğe Uygun Değer Farkı Diğer Kapsamlı Gelire Yansıtılan Finansal Varlıklar,31.12.2022,
16,VARLIKLAR,DÖNEN VARLIKLAR,Gerçeğe Uygun Değer Farkı Diğer Kapsamlı Gelire Yansıtılarak Ölçülen Finansal Varlıklar,31.12.2022,
17,VARLIKLAR,DÖNEN VARLIKLAR,Özkaynağa Dayalı Finansal Araçlara Yapılan Yatırımlar,31.12.2022,
18,VARLIKLAR,DÖNEN VARLIKLAR,İtfa Edilmiş Maliyetiyle Ölçülen Finansal Varlıklar,31.12.2022,
19,VARLIKLAR,DÖNEN VARLIKLAR,Diğer Finansal Yatırımlar,31.12.2022,
20,VARLIKLAR,DÖNEN VARLIKLAR,Teminata Verilen Finansal Varlıklar,31.12.2022,
21,VARLIKLAR,DÖNEN VARLIKLAR,Ticari Alacaklar,31.12.2022,21.417.520
22,VARLIKLAR,DÖNEN VARLIKLAR,İlişkili Taraflardan Ticari Alacaklar,31.12.2022,3.187.872
23,VARLIKLAR,DÖNEN VARLIKLAR,İlişkili Olmayan Taraflardan Ticari Alacaklar,31.12.2022,18.229.648
24,VARLIKLAR,DÖNEN VARLIKLAR,Finans Sektörü Faaliyetlerinden Alacaklar,31.12.2022,
25,VARLIKLAR,DÖNEN VARLIKLAR,Finans Sektörü Faaliyetlerinden İlişkili Taraflardan Alacaklar,31.12.2022,
26,VARLIKLAR,DÖNEN VARLIKLAR,Finans Sektörü Faaliyetlerinden İlişkili Olmayan Taraflardan Alacaklar,31.12.2022,
27,VARLIKLAR,DÖNEN VARLIKLAR,Türkiye Cumhuriyet Merkez Bankası Hesabı,31.12.2022,
28,VARLIKLAR,DÖNEN VARLIKLAR,Diğer Alacaklar,31.12.2022,40.622
29,VARLIKLAR,DÖNEN VARLIKLAR,İlişkili Taraflardan Diğer Alacaklar,31.12.2022,
30,VARLIKLAR,DÖNEN VARLIKLAR,İlişkili Olmayan Taraflardan Diğer Alacaklar,31.12.2022,40.622
31,VARLIKLAR,DÖNEN VARLIKLAR,Müşteri Sözleşmelerinden Doğan Varlıklar,31.12.2022,
32,VARLIKLAR,DÖNEN VARLIKLAR,Devam Eden İnşaat ve Taahhüt İşlerinden Doğan Sözleşme Varlıkları,31.12.2022,
33,VARLIKLAR,DÖNEN VARLIKLAR,Mal ve Hizmet Satışlarından Doğan Sözleşme Varlıkları,31.12.2022,
34,VARLIKLAR,DÖNEN VARLIKLAR,Diğer Sözleşme Varlıkları,31.12.2022,
35,VARLIKLAR,DÖNEN VARLIKLAR,İmtiyaz Sözleşmelerine İlişkin Finansal Varlıklar,31.12.2022,
36,VARLIKLAR,DÖNEN VARLIKLAR,Türev Araçlar,31.12.2022,3.597.033
37,VARLIKLAR,DÖNEN VARLIKLAR,Alım Satım Amaçlı Türev Araçlar,31.12.2022,
38,VARLIKLAR,DÖNEN VARLIKLAR,Riskten Korunma Amaçlı Türev Araçlar,31.12.2022,
39,VARLIKLAR,DÖNEN VARLIKLAR,Stoklar,31.12.2022,36.046.008
40,VARLIKLAR,DÖNEN VARLIKLAR,Proje Halindeki Stoklar,31.12.2022,
41,VARLIKLAR,DÖNEN VARLIKLAR,Canlı Varlıklar,31.12.2022,
42,VARLIKLAR,DÖNEN VARLIKLAR,Peşin Ödenmiş Giderler,31.12.2022,748.787
43,VARLIKLAR,DÖNEN VARLIKLAR,İlişkili Taraflara Peşin Ödenmiş Giderler,31.12.2022,
44,VARLIKLAR,DÖNEN VARLIKLAR,İlişkili Olmayan Taraflara Peşin Ödenmiş Giderler,31.12.2022,
45,VARLIKLAR,DÖNEN VARLIKLAR,Ertelenmiş Sigortacılık Üretim Giderleri,31.12.2022,
46,VARLIKLAR,DÖNEN VARLIKLAR,Cari Dönem Vergisiyle İlgili Varlıklar,31.12.2022,
47,VARLIKLAR,DÖNEN VARLIKLAR,Nakit Dışı Serbest Kullanılabilir Teminatlar,31.12.2022,
48,VARLIKLAR,DÖNEN VARLIKLAR,Diğer Dönen Varlıklar,31.12.2022,8.090.400
49,VARLIKLAR,DÖNEN VARLIKLAR,İlişkili Taraflardan Diğer Dönen Varlıklar,31.12.2022,
50,VARLIKLAR,DÖNEN VARLIKLAR,İlişkili Olmayan Taraflardan Diğer Dönen Varlıklar,31.12.2022,
51,VARLIKLAR,DÖNEN VARLIKLAR,ARA TOPLAM,31.12.2022,119.710.705
52,VARLIKLAR,DÖNEN VARLIKLAR,Satış Amaçlı Sınıflandırılan Duran Varlıklar,31.12.2022,
53,VARLIKLAR,DÖNEN VARLIKLAR,Ortaklara Dağıtılmak Üzere Elde Tutulan Duran Varlıklar,31.12.2022,
54,VARLIKLAR,DÖNEN VARLIKLAR,TOPLAM DÖNEN VARLIKLAR,31.12.2022,119.710.705
55,VARLIKLAR,DURAN VARLIKLAR,DURAN VARLIKLAR,31.12.2022,
56,VARLIKLAR,DURAN VARLIKLAR,Finansal Yatırımlar,31.12.2022,66.325
57,VARLIKLAR,DURAN VARLIKLAR,Kullanımı Kısıtlı Banka Bakiyeleri,31.12.2022,
58,VARLIKLAR,DURAN VARLIKLAR,Vadeli Mevduatlar,31.12.2022,
59,VARLIKLAR,DURAN VARLIKLAR,Satılmaya Hazır Finansal Yatırımlar,31.12.2022,
60,VARLIKLAR,DURAN VARLIKLAR,Vadeye Kadar Elde Tutulacak Finansal Yatırımlar,31.12.2022,
61,VARLIKLAR,DURAN VARLIKLAR,Gerçeğe Uygun Değer Farkı Kar/Zarara Yansıtılan Finansal Varlıklar,31.12.2022,
62,VARLIKLAR,DURAN VARLIKLAR,Alım Satım Amaçlı Elde Tutulan Finansal Varlıklar,31.12.2022,
63,VARLIKLAR,DURAN VARLIKLAR,Gerçeğe Uygun Değer Farkı Kar/Zarara Yansıtılarak Ölçülen Diğer Finansal Varlıklar,31.12.2022,
64,VARLIKLAR,DURAN VARLIKLAR,Gerçeğe Uygun Değer Farkı Kar/Zarara Yansıtılan Olarak Sınıflandırılan Finansal Varlıklar,31.12.2022,
65,VARLIKLAR,DURAN VARLIKLAR,Yatırım Riski Hayat Poliçesi Sahiplerine Ait Finansal Yatırımlar,31.12.2022,
66,VARLIKLAR,DURAN VARLIKLAR,Gerçeğe Uygun Değer Farkı Diğer Kapsamlı Gelire Yansıtılan Finansal Varlıklar,31.12.2022,
67,VARLIKLAR,DURAN VARLIKLAR,Gerçeğe Uygun Değer Farkı Diğer Kapsamlı Gelire Yansıtılarak Ölçülen Finansal Varlıklar,31.12.2022,
68,VARLIKLAR,DURAN VARLIKLAR,Özkaynağa Dayalı Finansal Araçlara Yapılan Yatırımlar,31.12.2022,
69,VARLIKLAR,DURAN VARLIKLAR,İtfa Edilmiş Maliyetiyle Ölçülen Finansal Varlıklar,31.12.2022,
70,VARLIKLAR,DURAN VARLIKLAR,Diğer Finansal Yatırımlar,31.12.2022,
71,VARLIKLAR,DURAN VARLIKLAR,"İştirakler, İş Ortaklıkları ve Bağlı Ortaklıklardaki Yatırımlar",31.12.2022,
72,VARLIKLAR,DURAN VARLIKLAR,Ticari Alacaklar,31.12.2022,
73,VARLIKLAR,DURAN VARLIKLAR,İlişkili Taraflardan Ticari Alacaklar,31.12.2022,
74,VARLIKLAR,DURAN VARLIKLAR,İlişkili Olmayan Taraflardan Ticari Alacaklar,31.12.2022,
75,VARLIKLAR,DURAN VARLIKLAR,Finans Sektörü Faaliyetlerinden Alacaklar,31.12.2022,
76,VARLIKLAR,DURAN VARLIKLAR,Finans Sektörü Faaliyetlerinden İlişkili Taraflardan Alacaklar,31.12.2022,
77,VARLIKLAR,DURAN VARLIKLAR,Finans Sektörü Faaliyetlerinden İlişkili Olmayan Taraflardan Alacaklar,31.12.2022,
78,VARLIKLAR,DURAN VARLIKLAR,Diğer Alacaklar,31.12.2022,
79,VARLIKLAR,DURAN VARLIKLAR,İlişkili Taraflardan Diğer Alacaklar,31.12.2022,
80,VARLIKLAR,DURAN VARLIKLAR,İlişkili Olmayan Taraflardan Diğer Alacaklar,31.12.2022,
81,VARLIKLAR,DURAN VARLIKLAR,Müşteri Sözleşmelerinden Doğan Varlıklar,31.12.2022,
82,VARLIKLAR,DURAN VARLIKLAR,Devam Eden İnşaat ve Taahhüt İşlerinden Doğan Sözleşme Varlıkları,31.12.2022,
83,VARLIKLAR,DURAN VARLIKLAR,Mal ve Hizmet Satışlarından Doğan Sözleşme Varlıkları,31.12.2022,
84,VARLIKLAR,DURAN VARLIKLAR,Diğer Sözleşme Varlıkları,31.12.2022,
85,VARLIKLAR,DURAN VARLIKLAR,İmtiyaz Sözleşmelerine İlişkin Finansal Varlıklar,31.12.2022,
86,VARLIKLAR,DURAN VARLIKLAR,Türev Araçlar,31.12.2022,57.048
87,VARLIKLAR,DURAN VARLIKLAR,Alım Satım Amaçlı Türev Araçlar,31.12.2022,
88,VARLIKLAR,DURAN VARLIKLAR,Riskten Korunma Amaçlı Türev Araçlar,31.12.2022,
89,VARLIKLAR,DURAN VARLIKLAR,Stoklar,31.12.2022,
90,VARLIKLAR,DURAN VARLIKLAR,Özkaynak Yöntemiyle Değerlenen Yatırımlar,31.12.2022,2.962.632
91,VARLIKLAR,DURAN VARLIKLAR,Canlı Varlıklar,31.12.2022,
92,VARLIKLAR,DURAN VARLIKLAR,Yatırım Amaçlı Gayrimenkuller,31.12.2022,
93,VARLIKLAR,DURAN VARLIKLAR,Proje Halindeki Yatırım Amaçlı Gayrimenkuller,31.12.2022,
94,VARLIKLAR,DURAN VARLIKLAR,Maddi Duran Varlıklar,31.12.2022,32.904.315
95,VARLIKLAR,DURAN VARLIKLAR,Arazi ve Arsalar,31.12.2022,
96,VARLIKLAR,DURAN VARLIKLAR,Yeraltı ve Yerüstü Düzenlemeleri,31.12.2022,
97,VARLIKLAR,DURAN VARLIKLAR,Binalar,31.12.2022,
98,VARLIKLAR,DURAN VARLIKLAR,"Tesis, Makine ve Cihazlar",31.12.2022,
99,VARLIKLAR,DURAN VARLIKLAR,Taşıtlar,31.12.2022,
100,VARLIKLAR,DURAN VARLIKLAR,Mobilya ve Demirbaşlar,31.12.2022,
101,VARLIKLAR,DURAN VARLIKLAR,Özel Maliyetler,31.12.2022,
102,VARLIKLAR,DURAN VARLIKLAR,Taşıyıcı Bitkiler,31.12.2022,
103,VARLIKLAR,DURAN VARLIKLAR,Özel Tükenmeye Tabi Varlıklar,31.12.2022,
104,VARLIKLAR,DURAN VARLIKLAR,Yapılmakta Olan Yatırımlar,31.12.2022,
105,VARLIKLAR,DURAN VARLIKLAR,Faaliyet Kiralamasına Konu Varlıklar,31.12.2022,
106,VARLIKLAR,DURAN VARLIKLAR,Diğer Maddi Duran Varlıklar,31.12.2022,
107,VARLIKLAR,DURAN VARLIKLAR,Kullanım Hakkı Varlıkları,31.12.2022,219.531
108,VARLIKLAR,DURAN VARLIKLAR,Maddi Olmayan Duran Varlıklar,31.12.2022,556.630
109,VARLIKLAR,DURAN VARLIKLAR,Şerefiye,31.12.2022,599
110,VARLIKLAR,DURAN VARLIKLAR,İmtiyaz Sözleşmelerinden Doğan Haklar,31.12.2022,
111,VARLIKLAR,DURAN VARLIKLAR,Diğer Haklar,31.12.2022,
112,VARLIKLAR,DURAN VARLIKLAR,Patentler,31.12.2022,
113,VARLIKLAR,DURAN VARLIKLAR,Markalar,31.12.2022,
114,VARLIKLAR,DURAN VARLIKLAR,Lisanslar,31.12.2022,
115,VARLIKLAR,DURAN VARLIKLAR,Bilgisayar Yazılımları,31.12.2022,
116,VARLIKLAR,DURAN VARLIKLAR,Aktifleştirilen Geliştirme Maliyetleri,31.12.2022,
117,VARLIKLAR,DURAN VARLIKLAR,Diğer Maddi Olmayan Duran Varlıklar,31.12.2022,556.031
118,VARLIKLAR,DURAN VARLIKLAR,Peşin Ödenmiş Giderler,31.12.2022,618.384
119,VARLIKLAR,DURAN VARLIKLAR,İlişkili Taraflara Peşin Ödenmiş Giderler,31.12.2022,
120,VARLIKLAR,DURAN VARLIKLAR,İlişkili Olmayan Taraflara Peşin Ödenmiş Giderler,31.12.2022,
121,VARLIKLAR,DURAN VARLIKLAR,Ertelenmiş Vergi Varlığı,31.12.2022,9.195.612
122,VARLIKLAR,DURAN VARLIKLAR,Cari Dönem Vergisiyle İlgili Duran Varlıklar,31.12.2022,
123,VARLIKLAR,DURAN VARLIKLAR,Nakit Dışı Serbest Kullanılabilir Teminatlar,31.12.2022,
124,VARLIKLAR,DURAN VARLIKLAR,Diğer Duran Varlıklar,31.12.2022,2.601.153
125,VARLIKLAR,DURAN VARLIKLAR,İlişkili Taraflara İlişkin Diğer Duran Varlıklar,31.12.2022,
126,VARLIKLAR,DURAN VARLIKLAR,İlişkili Olmayan Taraflara İlişkin Diğer Duran Varlıklar,31.12.2022,
127,VARLIKLAR,DURAN VARLIKLAR,TOPLAM DURAN VARLIKLAR,31.12.2022,49.181.630
128,VARLIKLAR,,TOPLAM VARLIKLAR,31.12.2022,168.892.335
129,KAYNAKLAR,,KAYNAKLAR,31.12.2022,
130,KAYNAKLAR,KISA VADELİ YÜKÜMLÜLÜKLER,KISA VADELİ YÜKÜMLÜLÜKLER,31.12.2022,
131,KAYNAKLAR,KISA VADELİ YÜKÜMLÜLÜKLER,Kısa Vadeli Borçlanmalar,31.12.2022,863.318
132,KAYNAKLAR,KISA VADELİ YÜKÜMLÜLÜKLER,İlişkili Taraflardan Kısa Vadeli Borçlanmalar,31.12.2022,
133,KAYNAKLAR,KISA VADELİ YÜKÜMLÜLÜKLER,Banka Kredileri,31.12.2022,
134,KAYNAKLAR,KISA VADELİ YÜKÜMLÜLÜKLER,Kiralama İşlemlerinden Borçlar,31.12.2022,
135,KAYNAKLAR,KISA VADELİ YÜKÜMLÜLÜKLER,İhraç Edilmiş Borçlanma Araçları,31.12.2022,
136,KAYNAKLAR,KISA VADELİ YÜKÜMLÜLÜKLER,Diğer Kısa Vadeli Borçlanmalar,31.12.2022,
137,KAYNAKLAR,KISA VADELİ YÜKÜMLÜLÜKLER,İlişkili Olmayan Taraflardan Kısa Vadeli Borçlanmalar,31.12.2022,
138,KAYNAKLAR,KISA VADELİ YÜKÜMLÜLÜKLER,Banka Kredileri,31.12.2022,
139,KAYNAKLAR,KISA VADELİ YÜKÜMLÜLÜKLER,Kiralama İşlemlerinden Borçlar,31.12.2022,
140,KAYNAKLAR,KISA VADELİ YÜKÜMLÜLÜKLER,İhraç Edilmiş Borçlanma Araçları,31.12.2022,
141,KAYNAKLAR,KISA VADELİ YÜKÜMLÜLÜKLER,Diğer Kısa Vadeli Borçlanmalar,31.12.2022,
142,KAYNAKLAR,KISA VADELİ YÜKÜMLÜLÜKLER,Uzun Vadeli Borçlanmaların Kısa Vadeli Kısımları,31.12.2022,11.131.173
143,KAYNAKLAR,KISA VADELİ YÜKÜMLÜLÜKLER,İlişkili Taraflardan Uzun Vadeli Borçlanmaların Kısa Vadeli Kısımları,31.12.2022,
144,KAYNAKLAR,KISA VADELİ YÜKÜMLÜLÜKLER,Banka Kredileri,31.12.2022,
145,KAYNAKLAR,KISA VADELİ YÜKÜMLÜLÜKLER,Kiralama İşlemlerinden Borçlar,31.12.2022,
146,KAYNAKLAR,KISA VADELİ YÜKÜMLÜLÜKLER,İhraç Edilmiş Borçlanma Araçları,31.12.2022,
147,KAYNAKLAR,KISA VADELİ YÜKÜMLÜLÜKLER,Diğer Uzun Vadeli Borçlanmaların Kısa Vadeli Kısımları,31.12.2022,
148,KAYNAKLAR,KISA VADELİ YÜKÜMLÜLÜKLER,İlişkili Olmayan Taraflardan Uzun Vadeli Borçlanmaların Kısa Vadeli Kısımları,31.12.2022,
149,KAYNAKLAR,KISA VADELİ YÜKÜMLÜLÜKLER,Banka Kredileri,31.12.2022,
150,KAYNAKLAR,KISA VADELİ YÜKÜMLÜLÜKLER,Kiralama İşlemlerinden Borçlar,31.12.2022,
151,KAYNAKLAR,KISA VADELİ YÜKÜMLÜLÜKLER,İhraç Edilmiş Borçlanma Araçları,31.12.2022,
152,KAYNAKLAR,KISA VADELİ YÜKÜMLÜLÜKLER,Diğer Uzun Vadeli Borçlanmaların Kısa Vadeli Kısımları,31.12.2022,
153,KAYNAKLAR,KISA VADELİ YÜKÜMLÜLÜKLER,Diğer Finansal Yükümlülükler,31.12.2022,
154,KAYNAKLAR,KISA VADELİ YÜKÜMLÜLÜKLER,Kontrol Gücü Olmayan Paylara İlişkin Satış Opsiyon Yükümlülükleri,31.12.2022,
155,KAYNAKLAR,KISA VADELİ YÜKÜMLÜLÜKLER,Finansal Teminat Sözleşmeleri,31.12.2022,
156,KAYNAKLAR,KISA VADELİ YÜKÜMLÜLÜKLER,Diğer Muhtelif Finansal Yükümlülükler,31.12.2022,
157,KAYNAKLAR,KISA VADELİ YÜKÜMLÜLÜKLER,Ticari Borçlar,31.12.2022,52.698.764
158,KAYNAKLAR,KISA VADELİ YÜKÜMLÜLÜKLER,İlişkili Taraflara Ticari Borçlar,31.12.2022,1.156.421
159,KAYNAKLAR,KISA VADELİ YÜKÜMLÜLÜKLER,İlişkili Olmayan Taraflara Ticari Borçlar,31.12.2022,51.542.343
160,KAYNAKLAR,KISA VADELİ YÜKÜMLÜLÜKLER,Finans Sektörü Faaliyetlerinden Borçlar,31.12.2022,
161,KAYNAKLAR,KISA VADELİ YÜKÜMLÜLÜKLER,Finans Sektörü Faaliyetlerinden İlişkili Taraflara Borçlar,31.12.2022,
162,KAYNAKLAR,KISA VADELİ YÜKÜMLÜLÜKLER,Finans Sektörü Faaliyetlerinden İlişkili Olmayan Taraflara Borçlar,31.12.2022,
163,KAYNAKLAR,KISA VADELİ YÜKÜMLÜLÜKLER,Çalışanlara Sağlanan Faydalar Kapsamında Borçlar,31.12.2022,417.647
164,KAYNAKLAR,KISA VADELİ YÜKÜMLÜLÜKLER,Diğer Borçlar,31.12.2022,262.395
165,KAYNAKLAR,KISA VADELİ YÜKÜMLÜLÜKLER,İlişkili Taraflara Diğer Borçlar,31.12.2022,169.841
166,KAYNAKLAR,KISA VADELİ YÜKÜMLÜLÜKLER,İlişkili Olmayan Taraflara Diğer Borçlar,31.12.2022,92.554
167,KAYNAKLAR,KISA VADELİ YÜKÜMLÜLÜKLER,Müşteri Sözleşmelerinden Doğan Yükümlülükler,31.12.2022,
168,KAYNAKLAR,KISA VADELİ YÜKÜMLÜLÜKLER,Devam Eden İnşaat ve Taahhüt İşlerinden Doğan Sözleşme Yükümlülükleri,31.12.2022,
169,KAYNAKLAR,KISA VADELİ YÜKÜMLÜLÜKLER,Mal ve Hizmet Satışlarından Doğan Sözleşme Yükümlülükleri,31.12.2022,
170,KAYNAKLAR,KISA VADELİ YÜKÜMLÜLÜKLER,Diğer Sözleşme Yükümlülükleri,31.12.2022,
171,KAYNAKLAR,KISA VADELİ YÜKÜMLÜLÜKLER,Özkaynak Yöntemiyle Değerlenen Yatırımlardan Yükümlülükler,31.12.2022,
172,KAYNAKLAR,KISA VADELİ YÜKÜMLÜLÜKLER,Türev Araçlar,31.12.2022,994.512
173,KAYNAKLAR,KISA VADELİ YÜKÜMLÜLÜKLER,Alım Satım Amaçlı Türev Araçlar,31.12.2022,
174,KAYNAKLAR,KISA VADELİ YÜKÜMLÜLÜKLER,Riskten Korunma Amaçlı Türev Araçlar,31.12.2022,
175,KAYNAKLAR,KISA VADELİ YÜKÜMLÜLÜKLER,Devlet Teşvik ve Yardımları,31.12.2022,
176,KAYNAKLAR,KISA VADELİ YÜKÜMLÜLÜKLER,Ertelenmiş Gelirler (Müşteri Sözleşmelerinden Doğan Yükümlülüklerin Dışında Kalanlar),31.12.2022,116.249
177,KAYNAKLAR,KISA VADELİ YÜKÜMLÜLÜKLER,İlişkili Taraflardan Ertelenmiş Gelirler (Müşteri Sözleşmelerinden Doğan Yükümlülüklerin Dışında Kalanlar),31.12.2022,
178,KAYNAKLAR,KISA VADELİ YÜKÜMLÜLÜKLER,İlişkili Olmayan Taraflardan Ertelenmiş Gelirler (Müşteri Sözleşmelerinden Doğan Yükümlülüklerin Dışında Kalanlar),31.12.2022,
179,KAYNAKLAR,KISA VADELİ YÜKÜMLÜLÜKLER,Dönem Karı Vergi Yükümlülüğü,31.12.2022,955.255
180,KAYNAKLAR,KISA VADELİ YÜKÜMLÜLÜKLER,Kısa Vadeli Karşılıklar,31.12.2022,530.528
181,KAYNAKLAR,KISA VADELİ YÜKÜMLÜLÜKLER,Çalışanlara Sağlanan Faydalara İlişkin Kısa Vadeli Karşılıklar,31.12.2022,47.604
182,KAYNAKLAR,KISA VADELİ YÜKÜMLÜLÜKLER,Sigortacılık Teknik Karşılıkları,31.12.2022,
183,KAYNAKLAR,KISA VADELİ YÜKÜMLÜLÜKLER,Diğer Kısa Vadeli Karşılıklar,31.12.2022,482.924
184,KAYNAKLAR,KISA VADELİ YÜKÜMLÜLÜKLER,Diğer Kısa Vadeli Yükümlülükler,31.12.2022,10.925.569
185,KAYNAKLAR,KISA VADELİ YÜKÜMLÜLÜKLER,İlişkili Taraflara Diğer Kısa Vadeli Yükümlülükler,31.12.2022,
186,KAYNAKLAR,KISA VADELİ YÜKÜMLÜLÜKLER,İlişkili Olmayan Taraflara Diğer Kısa Vadeli Yükümlülükler,31.12.2022,
187,KAYNAKLAR,KISA VADELİ YÜKÜMLÜLÜKLER,ARA TOPLAM,31.12.2022,78.895.410
188,KAYNAKLAR,KISA VADELİ YÜKÜMLÜLÜKLER,Satış Amaçlı Sınıflandırılan Varlık Gruplarına İlişkin Yükümlülükler,31.12.2022,
189,KAYNAKLAR,KISA VADELİ YÜKÜMLÜLÜKLER,Ortaklara Dağıtılmak Üzere Elde Tutulan Varlık Gruplarına İlişkin Yükümlülükler,31.12.2022,
190,KAYNAKLAR,KISA VADELİ YÜKÜMLÜLÜKLER,TOPLAM KISA VADELİ YÜKÜMLÜLÜKLER,31.12.2022,78.895.410
191,KAYNAKLAR,UZUN VADELİ YÜKÜMLÜLÜKLER,UZUN VADELİ YÜKÜMLÜLÜKLER,31.12.2022,
192,KAYNAKLAR,UZUN VADELİ YÜKÜMLÜLÜKLER,Uzun Vadeli Borçlanmalar,31.12.2022,21.274.459
193,KAYNAKLAR,UZUN VADELİ YÜKÜMLÜLÜKLER,İlişkili Taraflardan Uzun Vadeli Borçlanmalar,31.12.2022,
194,KAYNAKLAR,UZUN VADELİ YÜKÜMLÜLÜKLER,Banka Kredileri,31.12.2022,
195,KAYNAKLAR,UZUN VADELİ YÜKÜMLÜLÜKLER,Kiralama İşlemlerinden Borçlar,31.12.2022,
196,KAYNAKLAR,UZUN VADELİ YÜKÜMLÜLÜKLER,İhraç Edilmiş Borçlanma Araçları,31.12.2022,
197,KAYNAKLAR,UZUN VADELİ YÜKÜMLÜLÜKLER,Diğer Uzun Vadeli Borçlanmalar,31.12.2022,
198,KAYNAKLAR,UZUN VADELİ YÜKÜMLÜLÜKLER,İlişkili Olmayan Taraflardan Uzun Vadeli Borçlanmalar,31.12.2022,
199,KAYNAKLAR,UZUN VADELİ YÜKÜMLÜLÜKLER,Banka Kredileri,31.12.2022,
200,KAYNAKLAR,UZUN VADELİ YÜKÜMLÜLÜKLER,Kiralama İşlemlerinden Borçlar,31.12.2022,
201,KAYNAKLAR,UZUN VADELİ YÜKÜMLÜLÜKLER,İhraç Edilmiş Borçlanma Araçları,31.12.2022,
202,KAYNAKLAR,UZUN VADELİ YÜKÜMLÜLÜKLER,Diğer Uzun Vadeli Borçlanmalar,31.12.2022,
203,KAYNAKLAR,UZUN VADELİ YÜKÜMLÜLÜKLER,Diğer Finansal Yükümlülükler,31.12.2022,
204,KAYNAKLAR,UZUN VADELİ YÜKÜMLÜLÜKLER,Kontrol Gücü Olmayan Paylara İlişkin Satış Opsiyon Yükümlülükleri,31.12.2022,
205,KAYNAKLAR,UZUN VADELİ YÜKÜMLÜLÜKLER,Finansal Teminat Sözleşmeleri,31.12.2022,
206,KAYNAKLAR,UZUN VADELİ YÜKÜMLÜLÜKLER,Diğer Muhtelif Finansal Yükümlülükler,31.12.2022,
207,KAYNAKLAR,UZUN VADELİ YÜKÜMLÜLÜKLER,Ticari Borçlar,31.12.2022,
208,KAYNAKLAR,UZUN VADELİ YÜKÜMLÜLÜKLER,İlişkili Taraflara Ticari Borçlar,31.12.2022,
209,KAYNAKLAR,UZUN VADELİ YÜKÜMLÜLÜKLER,İlişkili Olmayan Taraflara Ticari Borçlar,31.12.2022,
210,KAYNAKLAR,UZUN VADELİ YÜKÜMLÜLÜKLER,Finans Sektörü Faaliyetlerinden Borçlar,31.12.2022,
211,KAYNAKLAR,UZUN VADELİ YÜKÜMLÜLÜKLER,Finans Sektörü Faaliyetlerinden İlişkili Taraflara Borçlar,31.12.2022,
212,KAYNAKLAR,UZUN VADELİ YÜKÜMLÜLÜKLER,Finans Sektörü Faaliyetlerinden İlişkili Olmayan Taraflara Borçlar,31.12.2022,
213,KAYNAKLAR,UZUN VADELİ YÜKÜMLÜLÜKLER,Çalışanlara Sağlanan Faydalar Kapsamında Borçlar,31.12.2022,
214,KAYNAKLAR,UZUN VADELİ YÜKÜMLÜLÜKLER,Diğer Borçlar,31.12.2022,0
215,KAYNAKLAR,UZUN VADELİ YÜKÜMLÜLÜKLER,İlişkili Taraflara Diğer Borçlar,31.12.2022,
216,KAYNAKLAR,UZUN VADELİ YÜKÜMLÜLÜKLER,İlişkili Olmayan Taraflara Diğer Borçlar,31.12.2022,
217,KAYNAKLAR,UZUN VADELİ YÜKÜMLÜLÜKLER,Müşteri Sözleşmelerinden Doğan Yükümlülükler,31.12.2022,
218,KAYNAKLAR,UZUN VADELİ YÜKÜMLÜLÜKLER,Devam Eden İnşaat ve Taahhüt İşlerinden Doğan Sözleşme Yükümlülükleri,31.12.2022,
219,KAYNAKLAR,UZUN VADELİ YÜKÜMLÜLÜKLER,Mal ve Hizmet Satışlarından Doğan Sözleşme Yükümlülükleri,31.12.2022,
220,KAYNAKLAR,UZUN VADELİ YÜKÜMLÜLÜKLER,Diğer Sözleşme Yükümlülükleri,31.12.2022,
221,KAYNAKLAR,UZUN VADELİ YÜKÜMLÜLÜKLER,Özkaynak Yöntemiyle Değerlenen Yatırımlardan Yükümlülükler,31.12.2022,
222,KAYNAKLAR,UZUN VADELİ YÜKÜMLÜLÜKLER,Türev Araçlar,31.12.2022,298.200
223,KAYNAKLAR,UZUN VADELİ YÜKÜMLÜLÜKLER,Alım Satım Amaçlı Türev Araçlar,31.12.2022,
224,KAYNAKLAR,UZUN VADELİ YÜKÜMLÜLÜKLER,Riskten Korunma Amaçlı Türev Araçlar,31.12.2022,
225,KAYNAKLAR,UZUN VADELİ YÜKÜMLÜLÜKLER,Devlet Teşvik ve Yardımları,31.12.2022,
226,KAYNAKLAR,UZUN VADELİ YÜKÜMLÜLÜKLER,Ertelenmiş Gelirler (Müşteri Sözleşmelerinden Doğan Yükümlülüklerin Dışında Kalanlar),31.12.2022,3.199
227,KAYNAKLAR,UZUN VADELİ YÜKÜMLÜLÜKLER,İlişkili Taraflardan Ertelenmiş Gelirler (Müşteri Sözleşmelerinden Doğan Yükümlülüklerin Dışında Kalanlar),31.12.2022,
228,KAYNAKLAR,UZUN VADELİ YÜKÜMLÜLÜKLER,İlişkili Olmayan Taraflardan Ertelenmiş Gelirler (Müşteri Sözleşmelerinden Doğan Yükümlülüklerin Dışında Kalanlar),31.12.2022,
229,KAYNAKLAR,UZUN VADELİ YÜKÜMLÜLÜKLER,Uzun Vadeli Karşılıklar,31.12.2022,1.190.116
230,KAYNAKLAR,UZUN VADELİ YÜKÜMLÜLÜKLER,Çalışanlara Sağlanan Faydalara İlişkin Uzun Vadeli Karşılıklar,31.12.2022,1.190.116
231,KAYNAKLAR,UZUN VADELİ YÜKÜMLÜLÜKLER,Genel Karşılıklar,31.12.2022,
232,KAYNAKLAR,UZUN VADELİ YÜKÜMLÜLÜKLER,Muhtemel Riskler İçin Ayrılan Serbest Karşılıklar,31.12.2022,
233,KAYNAKLAR,UZUN VADELİ YÜKÜMLÜLÜKLER,Sigortacılık Teknik Karşılıkları,31.12.2022,
234,KAYNAKLAR,UZUN VADELİ YÜKÜMLÜLÜKLER,Diğer Uzun Vadeli Karşılıklar,31.12.2022,
235,KAYNAKLAR,UZUN VADELİ YÜKÜMLÜLÜKLER,Cari Dönem Vergisiyle İlgili Borçlar,31.12.2022,
236,KAYNAKLAR,UZUN VADELİ YÜKÜMLÜLÜKLER,Ertelenmiş Vergi Yükümlülüğü,31.12.2022,44.464
237,KAYNAKLAR,UZUN VADELİ YÜKÜMLÜLÜKLER,Diğer Uzun Vadeli Yükümlülükler,31.12.2022,715
238,KAYNAKLAR,UZUN VADELİ YÜKÜMLÜLÜKLER,İlişkili Taraflara Diğer Uzun Vadeli Yükümlülükler,31.12.2022,
239,KAYNAKLAR,UZUN VADELİ YÜKÜMLÜLÜKLER,İlişkili Olmayan Taraflara Diğer Uzun Vadeli Yükümlülükler,31.12.2022,
240,KAYNAKLAR,UZUN VADELİ YÜKÜMLÜLÜKLER,TOPLAM UZUN VADELİ YÜKÜMLÜLÜKLER,31.12.2022,22.811.153
241,KAYNAKLAR,,TOPLAM YÜKÜMLÜLÜKLER,31.12.2022,101.706.563
242,KAYNAKLAR,ÖZKAYNAKLAR,ÖZKAYNAKLAR,31.12.2022,
243,KAYNAKLAR,ÖZKAYNAKLAR,Ana Ortaklığa Ait Özkaynaklar,31.12.2022,66.743.279
244,KAYNAKLAR,ÖZKAYNAKLAR,Ödenmiş Sermaye,31.12.2022,275.257
245,KAYNAKLAR,ÖZKAYNAKLAR,Sermaye Düzeltme Farkları,31.12.2022,1.344.243
246,KAYNAKLAR,ÖZKAYNAKLAR,Birleşme Denkleştirme Hesabı,31.12.2022,
247,KAYNAKLAR,ÖZKAYNAKLAR,Pay Sahiplerinin İlave Sermaye Katkıları,31.12.2022,
248,KAYNAKLAR,ÖZKAYNAKLAR,Sermaye Avansı,31.12.2022,
249,KAYNAKLAR,ÖZKAYNAKLAR,Geri Alınmış Paylar (-),31.12.2022,
250,KAYNAKLAR,ÖZKAYNAKLAR,Karşılıklı İştirak Sermaye Düzeltmesi (-),31.12.2022,
251,KAYNAKLAR,ÖZKAYNAKLAR,Paylara İlişkin Primler (İskontolar),31.12.2022,1.000.699
252,KAYNAKLAR,ÖZKAYNAKLAR,Ortak Kontrole Tabi Teşebbüs veya İşletmeleri İçeren Birleşmelerin Etkisi,31.12.2022,
253,KAYNAKLAR,ÖZKAYNAKLAR,Kontrol Gücü Olmayan Paylara İlişkin Satış Opsiyon Değerleme Fonu,31.12.2022,
254,KAYNAKLAR,ÖZKAYNAKLAR,Pay Bazlı Ödemeler (-),31.12.2022,
255,KAYNAKLAR,ÖZKAYNAKLAR,Kar veya Zararda Yeniden Sınıflandırılmayacak Birikmiş Diğer Kapsamlı Gelirler (Giderler),31.12.2022,13.901.774
256,KAYNAKLAR,ÖZKAYNAKLAR,Özkaynağa Dayalı Finansal Araçlara Yatırımlardan Kaynaklanan Kazançlar (Kayıplar),31.12.2022,
257,KAYNAKLAR,ÖZKAYNAKLAR,Yeniden Değerleme ve Ölçüm Kazançları (Kayıpları),31.12.2022,13.622.714
258,KAYNAKLAR,ÖZKAYNAKLAR,Maddi Duran Varlık Yeniden Değerleme Artışları (Azalışları),31.12.2022,13.928.679
259,KAYNAKLAR,ÖZKAYNAKLAR,Maddi Olmayan Duran Varlık Yeniden Değerleme Artışları (Azalışları),31.12.2022,
260,KAYNAKLAR,ÖZKAYNAKLAR,Kullanım Hakkı Varlıkları Yeniden Değerleme Artışları (Azalışları),31.12.2022,
261,KAYNAKLAR,ÖZKAYNAKLAR,Tanımlanmış Fayda Planları Yeniden Ölçüm Kazançları (Kayıpları),31.12.2022,-305.965
262,KAYNAKLAR,ÖZKAYNAKLAR,Diğer Yeniden Değerleme ve Ölçüm Kazançları (Kayıpları),31.12.2022,
263,KAYNAKLAR,ÖZKAYNAKLAR,Kredi Riskindeki Değişikliğe Bağlı Olarak Finansal Yükümlülüğün Gerçeğe Uygun Değerindeki Değişikliklerden Kaynaklanan Kazançlar (Kayıplar),31.12.2022,
264,KAYNAKLAR,ÖZKAYNAKLAR,Özkaynağa Dayalı Finansal Araçlara Yapılan Yatırımlara İlişkin Finansal Riskten Korunma Kazançları (Kayıpları),31.12.2022,
265,KAYNAKLAR,ÖZKAYNAKLAR,Özkaynak Yöntemi ile Değerlenen Yatırımların Diğer Kapsamlı Gelirinden Kar veya Zararda Sınıflandırılmayacak Paylar,31.12.2022,279.060
266,KAYNAKLAR,ÖZKAYNAKLAR,Yabancı Para Çevrim Farkları,31.12.2022,
267,KAYNAKLAR,ÖZKAYNAKLAR,Diğer Kazançlar (Kayıplar),31.12.2022,
268,KAYNAKLAR,ÖZKAYNAKLAR,Kar veya Zararda Yeniden Sınıflandırılacak Birikmiş Diğer Kapsamlı Gelirler (Giderler),31.12.2022,1.169.774
269,KAYNAKLAR,ÖZKAYNAKLAR,Yabancı Para Çevrim Farkları,31.12.2022,622.209
270,KAYNAKLAR,ÖZKAYNAKLAR,Riskten Korunma Kazançları (Kayıpları),31.12.2022,-423.080
271,KAYNAKLAR,ÖZKAYNAKLAR,Nakit Akış Riskinden Korunma Kazançları (Kayıpları),31.12.2022,-423.080
272,KAYNAKLAR,ÖZKAYNAKLAR,Yurtdışındaki İşletmeye İlişkin Yatırım Riskinden Korunma Kazançları (Kayıpları),31.12.2022,
273,KAYNAKLAR,ÖZKAYNAKLAR,Diğer Riskten Korunma Kazançları (Kayıpları),31.12.2022,
274,KAYNAKLAR,ÖZKAYNAKLAR,Yeniden Değerleme ve Sınıflandırma Kazançları (Kayıpları),31.12.2022,
275,KAYNAKLAR,ÖZKAYNAKLAR,Satılmaya Hazır Finansal Varlıkların Yeniden Değerleme ve/veya Sınıflandırma Kazançları (Kayıpları),31.12.2022,
276,KAYNAKLAR,ÖZKAYNAKLAR,Gerçeğe Uygun Değer Farkı Diğer Kapsamlı Gelire Yansıtılan Finansal Varlıklardan Kazançlar (Kayıplar),31.12.2022,
277,KAYNAKLAR,ÖZKAYNAKLAR,Diğer Yeniden Değerleme ve Sınıflandırma Kazançları (Kayıpları),31.12.2022,
278,KAYNAKLAR,ÖZKAYNAKLAR,Opsiyonların Zaman Değerindeki Değişiklikler,31.12.2022,
279,KAYNAKLAR,ÖZKAYNAKLAR,Forward Sözleşmesinin Forward Bileşeninin Değerindeki Değişiklikler,31.12.2022,
280,KAYNAKLAR,ÖZKAYNAKLAR,Yabancı Para Alım Satım Marjlarındaki Değişiklikler,31.12.2022,
281,KAYNAKLAR,ÖZKAYNAKLAR,Özkaynak Yöntemi ile Değerlenen Yatırımların Diğer Kapsamlı Gelirinden Kar/Zararda Sınıflandırılacak Paylar,31.12.2022,970.645
282,KAYNAKLAR,ÖZKAYNAKLAR,Diğer Kazançlar (Kayıplar),31.12.2022,
283,KAYNAKLAR,ÖZKAYNAKLAR,Kardan Ayrılan Kısıtlanmış Yedekler,31.12.2022,503.343
284,KAYNAKLAR,ÖZKAYNAKLAR,Sermayeye Eklenecek Gayrimenkul veya İştirak Satış Kazancı,31.12.2022,
285,KAYNAKLAR,ÖZKAYNAKLAR,Yasal Yedekler,31.12.2022,
286,KAYNAKLAR,ÖZKAYNAKLAR,Geri Alınan Paylara İlişkin Yedekler,31.12.2022,
287,KAYNAKLAR,ÖZKAYNAKLAR,Girişim Sermayesi Fonu,31.12.2022,
288,KAYNAKLAR,ÖZKAYNAKLAR,Diğer Kısıtlanmış Yedekler,31.12.2022,
289,KAYNAKLAR,ÖZKAYNAKLAR,Diğer Özkaynak Payları,31.12.2022,
290,KAYNAKLAR,ÖZKAYNAKLAR,Diğer Yedekler,31.12.2022,
291,KAYNAKLAR,ÖZKAYNAKLAR,Ödenen Kar Payı Avansları (Net) (-),31.12.2022,
292,KAYNAKLAR,ÖZKAYNAKLAR,Geçmiş Yıllar Karları veya Zararları,31.12.2022,7.503.568
293,KAYNAKLAR,ÖZKAYNAKLAR,Net Dönem Karı veya Zararı,31.12.2022,41.044.621
294,KAYNAKLAR,ÖZKAYNAKLAR,Kontrol Gücü Olmayan Paylar,31.12.2022,442.493
295,KAYNAKLAR,ÖZKAYNAKLAR,TOPLAM ÖZKAYNAKLAR,31.12.2022,67.185.772
296,KAYNAKLAR,,TOPLAM KAYNAKLAR,31.12.2022,168.892.335
297,,,Finansal Durum Tablosu (Bilanço),31.12.2021,
298,VARLIKLAR,,Varlıklar,31.12.2021,
299,VARLIKLAR,DÖNEN VARLIKLAR,DÖNEN VARLIKLAR,31.12.2021,
300,VARLIKLAR,DÖNEN VARLIKLAR,Nakit ve Nakit Benzerleri,31.12.2021,21.176.186
301,VARLIKLAR,DÖNEN VARLIKLAR,Gayrimenkul Projeleri Kapsamında Açılan Nakit Hesapları,31.12.2021,
302,VARLIKLAR,DÖNEN VARLIKLAR,Finansal Yatırımlar,31.12.2021,0
303,VARLIKLAR,DÖNEN VARLIKLAR,Kullanımı Kısıtlı Banka Bakiyeleri,31.12.2021,
304,VARLIKLAR,DÖNEN VARLIKLAR,Vadeli Mevduatlar,31.12.2021,
305,VARLIKLAR,DÖNEN VARLIKLAR,Satılmaya Hazır Finansal Varlıklar,31.12.2021,
306,VARLIKLAR,DÖNEN VARLIKLAR,Vadeye Kadar Elde Tutulacak Finansal Yatırımlar,31.12.2021,
307,VARLIKLAR,DÖNEN VARLIKLAR,Gerçeğe Uygun Değer Farkı Kar/Zarara Yansıtılan Finansal Varlıklar,31.12.2021,
308,VARLIKLAR,DÖNEN VARLIKLAR,Alım Satım Amaçlı Elde Tutulan Finansal Varlıklar,31.12.2021,
309,VARLIKLAR,DÖNEN VARLIKLAR,Gerçeğe Uygun Değer Farkı Kar/Zarara Yansıtılarak Ölçülen Diğer Finansal Varlıklar,31.12.2021,
310,VARLIKLAR,DÖNEN VARLIKLAR,Gerçeğe Uygun Değer Farkı Kar/Zarara Yansıtılan Olarak Sınıflandırılan Finansal Varlıklar,31.12.2021,
311,VARLIKLAR,DÖNEN VARLIKLAR,Yatırım Riski Hayat Poliçesi Sahiplerine Ait Finansal Yatırımlar,31.12.2021,
312,VARLIKLAR,DÖNEN VARLIKLAR,Gerçeğe Uygun Değer Farkı Diğer Kapsamlı Gelire Yansıtılan Finansal Varlıklar,31.12.2021,
313,VARLIKLAR,DÖNEN VARLIKLAR,Gerçeğe Uygun Değer Farkı Diğer Kapsamlı Gelire Yansıtılarak Ölçülen Finansal Varlıklar,31.12.2021,
314,VARLIKLAR,DÖNEN VARLIKLAR,Özkaynağa Dayalı Finansal Araçlara Yapılan Yatırımlar,31.12.2021,
315,VARLIKLAR,DÖNEN VARLIKLAR,İtfa Edilmiş Maliyetiyle Ölçülen Finansal Varlıklar,31.12.2021,
316,VARLIKLAR,DÖNEN VARLIKLAR,Diğer Finansal Yatırımlar,31.12.2021,
317,VARLIKLAR,DÖNEN VARLIKLAR,Teminata Verilen Finansal Varlıklar,31.12.2021,
318,VARLIKLAR,DÖNEN VARLIKLAR,Ticari Alacaklar,31.12.2021,13.796.682
319,VARLIKLAR,DÖNEN VARLIKLAR,İlişkili Taraflardan Ticari Alacaklar,31.12.2021,1.745.525
320,VARLIKLAR,DÖNEN VARLIKLAR,İlişkili Olmayan Taraflardan Ticari Alacaklar,31.12.2021,12.051.157
321,VARLIKLAR,DÖNEN VARLIKLAR,Finans Sektörü Faaliyetlerinden Alacaklar,31.12.2021,
322,VARLIKLAR,DÖNEN VARLIKLAR,Finans Sektörü Faaliyetlerinden İlişkili Taraflardan Alacaklar,31.12.2021,
323,VARLIKLAR,DÖNEN VARLIKLAR,Finans Sektörü Faaliyetlerinden İlişkili Olmayan Taraflardan Alacaklar,31.12.2021,
324,VARLIKLAR,DÖNEN VARLIKLAR,Türkiye Cumhuriyet Merkez Bankası Hesabı,31.12.2021,
325,VARLIKLAR,DÖNEN VARLIKLAR,Diğer Alacaklar,31.12.2021,20.566
326,VARLIKLAR,DÖNEN VARLIKLAR,İlişkili Taraflardan Diğer Alacaklar,31.12.2021,
327,VARLIKLAR,DÖNEN VARLIKLAR,İlişkili Olmayan Taraflardan Diğer Alacaklar,31.12.2021,20.566
328,VARLIKLAR,DÖNEN VARLIKLAR,Müşteri Sözleşmelerinden Doğan Varlıklar,31.12.2021,
329,VARLIKLAR,DÖNEN VARLIKLAR,Devam Eden İnşaat ve Taahhüt İşlerinden Doğan Sözleşme Varlıkları,31.12.2021,
330,VARLIKLAR,DÖNEN VARLIKLAR,Mal ve Hizmet Satışlarından Doğan Sözleşme Varlıkları,31.12.2021,
331,VARLIKLAR,DÖNEN VARLIKLAR,Diğer Sözleşme Varlıkları,31.12.2021,
332,VARLIKLAR,DÖNEN VARLIKLAR,İmtiyaz Sözleşmelerine İlişkin Finansal Varlıklar,31.12.2021,
333,VARLIKLAR,DÖNEN VARLIKLAR,Türev Araçlar,31.12.2021,3.823.700
334,VARLIKLAR,DÖNEN VARLIKLAR,Alım Satım Amaçlı Türev Araçlar,31.12.2021,
335,VARLIKLAR,DÖNEN VARLIKLAR,Riskten Korunma Amaçlı Türev Araçlar,31.12.2021,
336,VARLIKLAR,DÖNEN VARLIKLAR,Stoklar,31.12.2021,23.757.526
337,VARLIKLAR,DÖNEN VARLIKLAR,Proje Halindeki Stoklar,31.12.2021,
338,VARLIKLAR,DÖNEN VARLIKLAR,Canlı Varlıklar,31.12.2021,
339,VARLIKLAR,DÖNEN VARLIKLAR,Peşin Ödenmiş Giderler,31.12.2021,193.490
340,VARLIKLAR,DÖNEN VARLIKLAR,İlişkili Taraflara Peşin Ödenmiş Giderler,31.12.2021,
341,VARLIKLAR,DÖNEN VARLIKLAR,İlişkili Olmayan Taraflara Peşin Ödenmiş Giderler,31.12.2021,
342,VARLIKLAR,DÖNEN VARLIKLAR,Ertelenmiş Sigortacılık Üretim Giderleri,31.12.2021,
343,VARLIKLAR,DÖNEN VARLIKLAR,Cari Dönem Vergisiyle İlgili Varlıklar,31.12.2021,
344,VARLIKLAR,DÖNEN VARLIKLAR,Nakit Dışı Serbest Kullanılabilir Teminatlar,31.12.2021,
345,VARLIKLAR,DÖNEN VARLIKLAR,Diğer Dönen Varlıklar,31.12.2021,3.747.234
346,VARLIKLAR,DÖNEN VARLIKLAR,İlişkili Taraflardan Diğer Dönen Varlıklar,31.12.2021,
347,VARLIKLAR,DÖNEN VARLIKLAR,İlişkili Olmayan Taraflardan Diğer Dönen Varlıklar,31.12.2021,
348,VARLIKLAR,DÖNEN VARLIKLAR,ARA TOPLAM,31.12.2021,66.515.384
349,VARLIKLAR,DÖNEN VARLIKLAR,Satış Amaçlı Sınıflandırılan Duran Varlıklar,31.12.2021,
350,VARLIKLAR,DÖNEN VARLIKLAR,Ortaklara Dağıtılmak Üzere Elde Tutulan Duran Varlıklar,31.12.2021,
351,VARLIKLAR,DÖNEN VARLIKLAR,TOPLAM DÖNEN VARLIKLAR,31.12.2021,66.515.384
352,VARLIKLAR,DURAN VARLIKLAR,DURAN VARLIKLAR,31.12.2021,
353,VARLIKLAR,DURAN VARLIKLAR,Finansal Yatırımlar,31.12.2021,5.697
354,VARLIKLAR,DURAN VARLIKLAR,Kullanımı Kısıtlı Banka Bakiyeleri,31.12.2021,
355,VARLIKLAR,DURAN VARLIKLAR,Vadeli Mevduatlar,31.12.2021,
356,VARLIKLAR,DURAN VARLIKLAR,Satılmaya Hazır Finansal Yatırımlar,31.12.2021,
357,VARLIKLAR,DURAN VARLIKLAR,Vadeye Kadar Elde Tutulacak Finansal Yatırımlar,31.12.2021,
358,VARLIKLAR,DURAN VARLIKLAR,Gerçeğe Uygun Değer Farkı Kar/Zarara Yansıtılan Finansal Varlıklar,31.12.2021,
359,VARLIKLAR,DURAN VARLIKLAR,Alım Satım Amaçlı Elde Tutulan Finansal Varlıklar,31.12.2021,
360,VARLIKLAR,DURAN VARLIKLAR,Gerçeğe Uygun Değer Farkı Kar/Zarara Yansıtılarak Ölçülen Diğer Finansal Varlıklar,31.12.2021,
361,VARLIKLAR,DURAN VARLIKLAR,Gerçeğe Uygun Değer Farkı Kar/Zarara Yansıtılan Olarak Sınıflandırılan Finansal Varlıklar,31.12.2021,
362,VARLIKLAR,DURAN VARLIKLAR,Yatırım Riski Hayat Poliçesi Sahiplerine Ait Finansal Yatırımlar,31.12.2021,
363,VARLIKLAR,DURAN VARLIKLAR,Gerçeğe Uygun Değer Farkı Diğer Kapsamlı Gelire Yansıtılan Finansal Varlıklar,31.12.2021,
364,VARLIKLAR,DURAN VARLIKLAR,Gerçeğe Uygun Değer Farkı Diğer Kapsamlı Gelire Yansıtılarak Ölçülen Finansal Varlıklar,31.12.2021,
365,VARLIKLAR,DURAN VARLIKLAR,Özkaynağa Dayalı Finansal Araçlara Yapılan Yatırımlar,31.12.2021,
366,VARLIKLAR,DURAN VARLIKLAR,İtfa Edilmiş Maliyetiyle Ölçülen Finansal Varlıklar,31.12.2021,
367,VARLIKLAR,DURAN VARLIKLAR,Diğer Finansal Yatırımlar,31.12.2021,
368,VARLIKLAR,DURAN VARLIKLAR,"İştirakler, İş Ortaklıkları ve Bağlı Ortaklıklardaki Yatırımlar",31.12.2021,
369,VARLIKLAR,DURAN VARLIKLAR,Ticari Alacaklar,31.12.2021,
370,VARLIKLAR,DURAN VARLIKLAR,İlişkili Taraflardan Ticari Alacaklar,31.12.2021,
371,VARLIKLAR,DURAN VARLIKLAR,İlişkili Olmayan Taraflardan Ticari Alacaklar,31.12.2021,
372,VARLIKLAR,DURAN VARLIKLAR,Finans Sektörü Faaliyetlerinden Alacaklar,31.12.2021,
373,VARLIKLAR,DURAN VARLIKLAR,Finans Sektörü Faaliyetlerinden İlişkili Taraflardan Alacaklar,31.12.2021,
374,VARLIKLAR,DURAN VARLIKLAR,Finans Sektörü Faaliyetlerinden İlişkili Olmayan Taraflardan Alacaklar,31.12.2021,
375,VARLIKLAR,DURAN VARLIKLAR,Diğer Alacaklar,31.12.2021,
376,VARLIKLAR,DURAN VARLIKLAR,İlişkili Taraflardan Diğer Alacaklar,31.12.2021,
377,VARLIKLAR,DURAN VARLIKLAR,İlişkili Olmayan Taraflardan Diğer Alacaklar,31.12.2021,
378,VARLIKLAR,DURAN VARLIKLAR,Müşteri Sözleşmelerinden Doğan Varlıklar,31.12.2021,
379,VARLIKLAR,DURAN VARLIKLAR,Devam Eden İnşaat ve Taahhüt İşlerinden Doğan Sözleşme Varlıkları,31.12.2021,
380,VARLIKLAR,DURAN VARLIKLAR,Mal ve Hizmet Satışlarından Doğan Sözleşme Varlıkları,31.12.2021,
381,VARLIKLAR,DURAN VARLIKLAR,Diğer Sözleşme Varlıkları,31.12.2021,
382,VARLIKLAR,DURAN VARLIKLAR,İmtiyaz Sözleşmelerine İlişkin Finansal Varlıklar,31.12.2021,
383,VARLIKLAR,DURAN VARLIKLAR,Türev Araçlar,31.12.2021,44.213
384,VARLIKLAR,DURAN VARLIKLAR,Alım Satım Amaçlı Türev Araçlar,31.12.2021,
385,VARLIKLAR,DURAN VARLIKLAR,Riskten Korunma Amaçlı Türev Araçlar,31.12.2021,
386,VARLIKLAR,DURAN VARLIKLAR,Stoklar,31.12.2021,
387,VARLIKLAR,DURAN VARLIKLAR,Özkaynak Yöntemiyle Değerlenen Yatırımlar,31.12.2021,2.150.156
388,VARLIKLAR,DURAN VARLIKLAR,Canlı Varlıklar,31.12.2021,
389,VARLIKLAR,DURAN VARLIKLAR,Yatırım Amaçlı Gayrimenkuller,31.12.2021,
390,VARLIKLAR,DURAN VARLIKLAR,Proje Halindeki Yatırım Amaçlı Gayrimenkuller,31.12.2021,
391,VARLIKLAR,DURAN VARLIKLAR,Maddi Duran Varlıklar,31.12.2021,28.316.299
392,VARLIKLAR,DURAN VARLIKLAR,Arazi ve Arsalar,31.12.2021,
393,VARLIKLAR,DURAN VARLIKLAR,Yeraltı ve Yerüstü Düzenlemeleri,31.12.2021,
394,VARLIKLAR,DURAN VARLIKLAR,Binalar,31.12.2021,
395,VARLIKLAR,DURAN VARLIKLAR,"Tesis, Makine ve Cihazlar",31.12.2021,
396,VARLIKLAR,DURAN VARLIKLAR,Taşıtlar,31.12.2021,
397,VARLIKLAR,DURAN VARLIKLAR,Mobilya ve Demirbaşlar,31.12.2021,
398,VARLIKLAR,DURAN VARLIKLAR,Özel Maliyetler,31.12.2021,
399,VARLIKLAR,DURAN VARLIKLAR,Taşıyıcı Bitkiler,31.12.2021,
400,VARLIKLAR,DURAN VARLIKLAR,Özel Tükenmeye Tabi Varlıklar,31.12.2021,
401,VARLIKLAR,DURAN VARLIKLAR,Yapılmakta Olan Yatırımlar,31.12.2021,
402,VARLIKLAR,DURAN VARLIKLAR,Faaliyet Kiralamasına Konu Varlıklar,31.12.2021,
403,VARLIKLAR,DURAN VARLIKLAR,Diğer Maddi Duran Varlıklar,31.12.2021,
404,VARLIKLAR,DURAN VARLIKLAR,Kullanım Hakkı Varlıkları,31.12.2021,185.775
405,VARLIKLAR,DURAN VARLIKLAR,Maddi Olmayan Duran Varlıklar,31.12.2021,562.785
406,VARLIKLAR,DURAN VARLIKLAR,Şerefiye,31.12.2021,599
407,VARLIKLAR,DURAN VARLIKLAR,İmtiyaz Sözleşmelerinden Doğan Haklar,31.12.2021,
408,VARLIKLAR,DURAN VARLIKLAR,Diğer Haklar,31.12.2021,
409,VARLIKLAR,DURAN VARLIKLAR,Patentler,31.12.2021,
410,VARLIKLAR,DURAN VARLIKLAR,Markalar,31.12.2021,
411,VARLIKLAR,DURAN VARLIKLAR,Lisanslar,31.12.2021,
412,VARLIKLAR,DURAN VARLIKLAR,Bilgisayar Yazılımları,31.12.2021,
413,VARLIKLAR,DURAN VARLIKLAR,Aktifleştirilen Geliştirme Maliyetleri,31.12.2021,
414,VARLIKLAR,DURAN VARLIKLAR,Diğer Maddi Olmayan Duran Varlıklar,31.12.2021,562.186
415,VARLIKLAR,DURAN VARLIKLAR,Peşin Ödenmiş Giderler,31.12.2021,123.436
416,VARLIKLAR,DURAN VARLIKLAR,İlişkili Taraflara Peşin Ödenmiş Giderler,31.12.2021,
417,VARLIKLAR,DURAN VARLIKLAR,İlişkili Olmayan Taraflara Peşin Ödenmiş Giderler,31.12.2021,
418,VARLIKLAR,DURAN VARLIKLAR,Ertelenmiş Vergi Varlığı,31.12.2021,6.436.140
419,VARLIKLAR,DURAN VARLIKLAR,Cari Dönem Vergisiyle İlgili Duran Varlıklar,31.12.2021,
420,VARLIKLAR,DURAN VARLIKLAR,Nakit Dışı Serbest Kullanılabilir Teminatlar,31.12.2021,
421,VARLIKLAR,DURAN VARLIKLAR,Diğer Duran Varlıklar,31.12.2021,1.917.226
422,VARLIKLAR,DURAN VARLIKLAR,İlişkili Taraflara İlişkin Diğer Duran Varlıklar,31.12.2021,
423,VARLIKLAR,DURAN VARLIKLAR,İlişkili Olmayan Taraflara İlişkin Diğer Duran Varlıklar,31.12.2021,
424,VARLIKLAR,DURAN VARLIKLAR,TOPLAM DURAN VARLIKLAR,31.12.2021,39.741.727
425,VARLIKLAR,,TOPLAM VARLIKLAR,31.12.2021,106.257.111
426,KAYNAKLAR,,KAYNAKLAR,31.12.2021,
427,KAYNAKLAR,KISA VADELİ YÜKÜMLÜLÜKLER,KISA VADELİ YÜKÜMLÜLÜKLER,31.12.2021,
428,KAYNAKLAR,KISA VADELİ YÜKÜMLÜLÜKLER,Kısa Vadeli Borçlanmalar,31.12.2021,631.946
429,KAYNAKLAR,KISA VADELİ YÜKÜMLÜLÜKLER,İlişkili Taraflardan Kısa Vadeli Borçlanmalar,31.12.2021,
430,KAYNAKLAR,KISA VADELİ YÜKÜMLÜLÜKLER,Banka Kredileri,31.12.2021,
431,KAYNAKLAR,KISA VADELİ YÜKÜMLÜLÜKLER,Kiralama İşlemlerinden Borçlar,31.12.2021,
432,KAYNAKLAR,KISA VADELİ YÜKÜMLÜLÜKLER,İhraç Edilmiş Borçlanma Araçları,31.12.2021,
433,KAYNAKLAR,KISA VADELİ YÜKÜMLÜLÜKLER,Diğer Kısa Vadeli Borçlanmalar,31.12.2021,
434,KAYNAKLAR,KISA VADELİ YÜKÜMLÜLÜKLER,İlişkili Olmayan Taraflardan Kısa Vadeli Borçlanmalar,31.12.2021,
435,KAYNAKLAR,KISA VADELİ YÜKÜMLÜLÜKLER,Banka Kredileri,31.12.2021,
436,KAYNAKLAR,KISA VADELİ YÜKÜMLÜLÜKLER,Kiralama İşlemlerinden Borçlar,31.12.2021,
437,KAYNAKLAR,KISA VADELİ YÜKÜMLÜLÜKLER,İhraç Edilmiş Borçlanma Araçları,31.12.2021,
438,KAYNAKLAR,KISA VADELİ YÜKÜMLÜLÜKLER,Diğer Kısa Vadeli Borçlanmalar,31.12.2021,
439,KAYNAKLAR,KISA VADELİ YÜKÜMLÜLÜKLER,Uzun Vadeli Borçlanmaların Kısa Vadeli Kısımları,31.12.2021,10.996.265
440,KAYNAKLAR,KISA VADELİ YÜKÜMLÜLÜKLER,İlişkili Taraflardan Uzun Vadeli Borçlanmaların Kısa Vadeli Kısımları,31.12.2021,
441,KAYNAKLAR,KISA VADELİ YÜKÜMLÜLÜKLER,Banka Kredileri,31.12.2021,
442,KAYNAKLAR,KISA VADELİ YÜKÜMLÜLÜKLER,Kiralama İşlemlerinden Borçlar,31.12.2021,
443,KAYNAKLAR,KISA VADELİ YÜKÜMLÜLÜKLER,İhraç Edilmiş Borçlanma Araçları,31.12.2021,
444,KAYNAKLAR,KISA VADELİ YÜKÜMLÜLÜKLER,Diğer Uzun Vadeli Borçlanmaların Kısa Vadeli Kısımları,31.12.2021,
445,KAYNAKLAR,KISA VADELİ YÜKÜMLÜLÜKLER,İlişkili Olmayan Taraflardan Uzun Vadeli Borçlanmaların Kısa Vadeli Kısımları,31.12.2021,
446,KAYNAKLAR,KISA VADELİ YÜKÜMLÜLÜKLER,Banka Kredileri,31.12.2021,
447,KAYNAKLAR,KISA VADELİ YÜKÜMLÜLÜKLER,Kiralama İşlemlerinden Borçlar,31.12.2021,
448,KAYNAKLAR,KISA VADELİ YÜKÜMLÜLÜKLER,İhraç Edilmiş Borçlanma Araçları,31.12.2021,
449,KAYNAKLAR,KISA VADELİ YÜKÜMLÜLÜKLER,Diğer Uzun Vadeli Borçlanmaların Kısa Vadeli Kısımları,31.12.2021,
450,KAYNAKLAR,KISA VADELİ YÜKÜMLÜLÜKLER,Diğer Finansal Yükümlülükler,31.12.2021,
451,KAYNAKLAR,KISA VADELİ YÜKÜMLÜLÜKLER,Kontrol Gücü Olmayan Paylara İlişkin Satış Opsiyon Yükümlülükleri,31.12.2021,
452,KAYNAKLAR,KISA VADELİ YÜKÜMLÜLÜKLER,Finansal Teminat Sözleşmeleri,31.12.2021,
453,KAYNAKLAR,KISA VADELİ YÜKÜMLÜLÜKLER,Diğer Muhtelif Finansal Yükümlülükler,31.12.2021,
454,KAYNAKLAR,KISA VADELİ YÜKÜMLÜLÜKLER,Ticari Borçlar,31.12.2021,43.837.455
455,KAYNAKLAR,KISA VADELİ YÜKÜMLÜLÜKLER,İlişkili Taraflara Ticari Borçlar,31.12.2021,182.912
456,KAYNAKLAR,KISA VADELİ YÜKÜMLÜLÜKLER,İlişkili Olmayan Taraflara Ticari Borçlar,31.12.2021,43.654.543
457,KAYNAKLAR,KISA VADELİ YÜKÜMLÜLÜKLER,Finans Sektörü Faaliyetlerinden Borçlar,31.12.2021,
458,KAYNAKLAR,KISA VADELİ YÜKÜMLÜLÜKLER,Finans Sektörü Faaliyetlerinden İlişkili Taraflara Borçlar,31.12.2021,
459,KAYNAKLAR,KISA VADELİ YÜKÜMLÜLÜKLER,Finans Sektörü Faaliyetlerinden İlişkili Olmayan Taraflara Borçlar,31.12.2021,
460,KAYNAKLAR,KISA VADELİ YÜKÜMLÜLÜKLER,Çalışanlara Sağlanan Faydalar Kapsamında Borçlar,31.12.2021,135.876
461,KAYNAKLAR,KISA VADELİ YÜKÜMLÜLÜKLER,Diğer Borçlar,31.12.2021,323.018
462,KAYNAKLAR,KISA VADELİ YÜKÜMLÜLÜKLER,İlişkili Taraflara Diğer Borçlar,31.12.2021,43.328
463,KAYNAKLAR,KISA VADELİ YÜKÜMLÜLÜKLER,İlişkili Olmayan Taraflara Diğer Borçlar,31.12.2021,279.690
464,KAYNAKLAR,KISA VADELİ YÜKÜMLÜLÜKLER,Müşteri Sözleşmelerinden Doğan Yükümlülükler,31.12.2021,
465,KAYNAKLAR,KISA VADELİ YÜKÜMLÜLÜKLER,Devam Eden İnşaat ve Taahhüt İşlerinden Doğan Sözleşme Yükümlülükleri,31.12.2021,
466,KAYNAKLAR,KISA VADELİ YÜKÜMLÜLÜKLER,Mal ve Hizmet Satışlarından Doğan Sözleşme Yükümlülükleri,31.12.2021,
467,KAYNAKLAR,KISA VADELİ YÜKÜMLÜLÜKLER,Diğer Sözleşme Yükümlülükleri,31.12.2021,
468,KAYNAKLAR,KISA VADELİ YÜKÜMLÜLÜKLER,Özkaynak Yöntemiyle Değerlenen Yatırımlardan Yükümlülükler,31.12.2021,
469,KAYNAKLAR,KISA VADELİ YÜKÜMLÜLÜKLER,Türev Araçlar,31.12.2021,3.466.572
470,KAYNAKLAR,KISA VADELİ YÜKÜMLÜLÜKLER,Alım Satım Amaçlı Türev Araçlar,31.12.2021,
471,KAYNAKLAR,KISA VADELİ YÜKÜMLÜLÜKLER,Riskten Korunma Amaçlı Türev Araçlar,31.12.2021,
472,KAYNAKLAR,KISA VADELİ YÜKÜMLÜLÜKLER,Devlet Teşvik ve Yardımları,31.12.2021,
473,KAYNAKLAR,KISA VADELİ YÜKÜMLÜLÜKLER,Ertelenmiş Gelirler (Müşteri Sözleşmelerinden Doğan Yükümlülüklerin Dışında Kalanlar),31.12.2021,32.315
474,KAYNAKLAR,KISA VADELİ YÜKÜMLÜLÜKLER,İlişkili Taraflardan Ertelenmiş Gelirler (Müşteri Sözleşmelerinden Doğan Yükümlülüklerin Dışında Kalanlar),31.12.2021,
475,KAYNAKLAR,KISA VADELİ YÜKÜMLÜLÜKLER,İlişkili Olmayan Taraflardan Ertelenmiş Gelirler (Müşteri Sözleşmelerinden Doğan Yükümlülüklerin Dışında Kalanlar),31.12.2021,
476,KAYNAKLAR,KISA VADELİ YÜKÜMLÜLÜKLER,Dönem Karı Vergi Yükümlülüğü,31.12.2021,69.764
477,KAYNAKLAR,KISA VADELİ YÜKÜMLÜLÜKLER,Kısa Vadeli Karşılıklar,31.12.2021,219.166
478,KAYNAKLAR,KISA VADELİ YÜKÜMLÜLÜKLER,Çalışanlara Sağlanan Faydalara İlişkin Kısa Vadeli Karşılıklar,31.12.2021,19.387
479,KAYNAKLAR,KISA VADELİ YÜKÜMLÜLÜKLER,Sigortacılık Teknik Karşılıkları,31.12.2021,
480,KAYNAKLAR,KISA VADELİ YÜKÜMLÜLÜKLER,Diğer Kısa Vadeli Karşılıklar,31.12.2021,199.779
481,KAYNAKLAR,KISA VADELİ YÜKÜMLÜLÜKLER,Diğer Kısa Vadeli Yükümlülükler,31.12.2021,5.116.325
482,KAYNAKLAR,KISA VADELİ YÜKÜMLÜLÜKLER,İlişkili Taraflara Diğer Kısa Vadeli Yükümlülükler,31.12.2021,
483,KAYNAKLAR,KISA VADELİ YÜKÜMLÜLÜKLER,İlişkili Olmayan Taraflara Diğer Kısa Vadeli Yükümlülükler,31.12.2021,
484,KAYNAKLAR,KISA VADELİ YÜKÜMLÜLÜKLER,ARA TOPLAM,31.12.2021,64.828.702
485,KAYNAKLAR,KISA VADELİ YÜKÜMLÜLÜKLER,Satış Amaçlı Sınıflandırılan Varlık Gruplarına İlişkin Yükümlülükler,31.12.2021,
486,KAYNAKLAR,KISA VADELİ YÜKÜMLÜLÜKLER,Ortaklara Dağıtılmak Üzere Elde Tutulan Varlık Gruplarına İlişkin Yükümlülükler,31.12.2021,
487,KAYNAKLAR,KISA VADELİ YÜKÜMLÜLÜKLER,TOPLAM KISA VADELİ YÜKÜMLÜLÜKLER,31.12.2021,64.828.702
488,KAYNAKLAR,UZUN VADELİ YÜKÜMLÜLÜKLER,UZUN VADELİ YÜKÜMLÜLÜKLER,31.12.2021,
489,KAYNAKLAR,UZUN VADELİ YÜKÜMLÜLÜKLER,Uzun Vadeli Borçlanmalar,31.12.2021,21.565.453
490,KAYNAKLAR,UZUN VADELİ YÜKÜMLÜLÜKLER,İlişkili Taraflardan Uzun Vadeli Borçlanmalar,31.12.2021,
491,KAYNAKLAR,UZUN VADELİ YÜKÜMLÜLÜKLER,Banka Kredileri,31.12.2021,
492,KAYNAKLAR,UZUN VADELİ YÜKÜMLÜLÜKLER,Kiralama İşlemlerinden Borçlar,31.12.2021,
493,KAYNAKLAR,UZUN VADELİ YÜKÜMLÜLÜKLER,İhraç Edilmiş Borçlanma Araçları,31.12.2021,
494,KAYNAKLAR,UZUN VADELİ YÜKÜMLÜLÜKLER,Diğer Uzun Vadeli Borçlanmalar,31.12.2021,
495,KAYNAKLAR,UZUN VADELİ YÜKÜMLÜLÜKLER,İlişkili Olmayan Taraflardan Uzun Vadeli Borçlanmalar,31.12.2021,
496,KAYNAKLAR,UZUN VADELİ YÜKÜMLÜLÜKLER,Banka Kredileri,31.12.2021,
497,KAYNAKLAR,UZUN VADELİ YÜKÜMLÜLÜKLER,Kiralama İşlemlerinden Borçlar,31.12.2021,
498,KAYNAKLAR,UZUN VADELİ YÜKÜMLÜLÜKLER,İhraç Edilmiş Borçlanma Araçları,31.12.2021,
499,KAYNAKLAR,UZUN VADELİ YÜKÜMLÜLÜKLER,Diğer Uzun Vadeli Borçlanmalar,31.12.2021,
500,KAYNAKLAR,UZUN VADELİ YÜKÜMLÜLÜKLER,Diğer Finansal Yükümlülükler,31.12.2021,
501,KAYNAKLAR,UZUN VADELİ YÜKÜMLÜLÜKLER,Kontrol Gücü Olmayan Paylara İlişkin Satış Opsiyon Yükümlülükleri,31.12.2021,
502,KAYNAKLAR,UZUN VADELİ YÜKÜMLÜLÜKLER,Finansal Teminat Sözleşmeleri,31.12.2021,
503,KAYNAKLAR,UZUN VADELİ YÜKÜMLÜLÜKLER,Diğer Muhtelif Finansal Yükümlülükler,31.12.2021,
504,KAYNAKLAR,UZUN VADELİ YÜKÜMLÜLÜKLER,Ticari Borçlar,31.12.2021,
505,KAYNAKLAR,UZUN VADELİ YÜKÜMLÜLÜKLER,İlişkili Taraflara Ticari Borçlar,31.12.2021,
506,KAYNAKLAR,UZUN VADELİ YÜKÜMLÜLÜKLER,İlişkili Olmayan Taraflara Ticari Borçlar,31.12.2021,
507,KAYNAKLAR,UZUN VADELİ YÜKÜMLÜLÜKLER,Finans Sektörü Faaliyetlerinden Borçlar,31.12.2021,
508,KAYNAKLAR,UZUN VADELİ YÜKÜMLÜLÜKLER,Finans Sektörü Faaliyetlerinden İlişkili Taraflara Borçlar,31.12.2021,
509,KAYNAKLAR,UZUN VADELİ YÜKÜMLÜLÜKLER,Finans Sektörü Faaliyetlerinden İlişkili Olmayan Taraflara Borçlar,31.12.2021,
510,KAYNAKLAR,UZUN VADELİ YÜKÜMLÜLÜKLER,Çalışanlara Sağlanan Faydalar Kapsamında Borçlar,31.12.2021,
511,KAYNAKLAR,UZUN VADELİ YÜKÜMLÜLÜKLER,Diğer Borçlar,31.12.2021,0
512,KAYNAKLAR,UZUN VADELİ YÜKÜMLÜLÜKLER,İlişkili Taraflara Diğer Borçlar,31.12.2021,
513,KAYNAKLAR,UZUN VADELİ YÜKÜMLÜLÜKLER,İlişkili Olmayan Taraflara Diğer Borçlar,31.12.2021,
514,KAYNAKLAR,UZUN VADELİ YÜKÜMLÜLÜKLER,Müşteri Sözleşmelerinden Doğan Yükümlülükler,31.12.2021,
515,KAYNAKLAR,UZUN VADELİ YÜKÜMLÜLÜKLER,Devam Eden İnşaat ve Taahhüt İşlerinden Doğan Sözleşme Yükümlülükleri,31.12.2021,
516,KAYNAKLAR,UZUN VADELİ YÜKÜMLÜLÜKLER,Mal ve Hizmet Satışlarından Doğan Sözleşme Yükümlülükleri,31.12.2021,
517,KAYNAKLAR,UZUN VADELİ YÜKÜMLÜLÜKLER,Diğer Sözleşme Yükümlülükleri,31.12.2021,
518,KAYNAKLAR,UZUN VADELİ YÜKÜMLÜLÜKLER,Özkaynak Yöntemiyle Değerlenen Yatırımlardan Yükümlülükler,31.12.2021,
519,KAYNAKLAR,UZUN VADELİ YÜKÜMLÜLÜKLER,Türev Araçlar,31.12.2021,73.058
520,KAYNAKLAR,UZUN VADELİ YÜKÜMLÜLÜKLER,Alım Satım Amaçlı Türev Araçlar,31.12.2021,
521,KAYNAKLAR,UZUN VADELİ YÜKÜMLÜLÜKLER,Riskten Korunma Amaçlı Türev Araçlar,31.12.2021,
522,KAYNAKLAR,UZUN VADELİ YÜKÜMLÜLÜKLER,Devlet Teşvik ve Yardımları,31.12.2021,
523,KAYNAKLAR,UZUN VADELİ YÜKÜMLÜLÜKLER,Ertelenmiş Gelirler (Müşteri Sözleşmelerinden Doğan Yükümlülüklerin Dışında Kalanlar),31.12.2021,9.987
524,KAYNAKLAR,UZUN VADELİ YÜKÜMLÜLÜKLER,İlişkili Taraflardan Ertelenmiş Gelirler (Müşteri Sözleşmelerinden Doğan Yükümlülüklerin Dışında Kalanlar),31.12.2021,
525,KAYNAKLAR,UZUN VADELİ YÜKÜMLÜLÜKLER,İlişkili Olmayan Taraflardan Ertelenmiş Gelirler (Müşteri Sözleşmelerinden Doğan Yükümlülüklerin Dışında Kalanlar),31.12.2021,
526,KAYNAKLAR,UZUN VADELİ YÜKÜMLÜLÜKLER,Uzun Vadeli Karşılıklar,31.12.2021,454.999
527,KAYNAKLAR,UZUN VADELİ YÜKÜMLÜLÜKLER,Çalışanlara Sağlanan Faydalara İlişkin Uzun Vadeli Karşılıklar,31.12.2021,454.999
528,KAYNAKLAR,UZUN VADELİ YÜKÜMLÜLÜKLER,Genel Karşılıklar,31.12.2021,
529,KAYNAKLAR,UZUN VADELİ YÜKÜMLÜLÜKLER,Muhtemel Riskler İçin Ayrılan Serbest Karşılıklar,31.12.2021,
530,KAYNAKLAR,UZUN VADELİ YÜKÜMLÜLÜKLER,Sigortacılık Teknik Karşılıkları,31.12.2021,
531,KAYNAKLAR,UZUN VADELİ YÜKÜMLÜLÜKLER,Diğer Uzun Vadeli Karşılıklar,31.12.2021,
532,KAYNAKLAR,UZUN VADELİ YÜKÜMLÜLÜKLER,Cari Dönem Vergisiyle İlgili Borçlar,31.12.2021,
533,KAYNAKLAR,UZUN VADELİ YÜKÜMLÜLÜKLER,Ertelenmiş Vergi Yükümlülüğü,31.12.2021,155.210
534,KAYNAKLAR,UZUN VADELİ YÜKÜMLÜLÜKLER,Diğer Uzun Vadeli Yükümlülükler,31.12.2021,88.702
535,KAYNAKLAR,UZUN VADELİ YÜKÜMLÜLÜKLER,İlişkili Taraflara Diğer Uzun Vadeli Yükümlülükler,31.12.2021,
536,KAYNAKLAR,UZUN VADELİ YÜKÜMLÜLÜKLER,İlişkili Olmayan Taraflara Diğer Uzun Vadeli Yükümlülükler,31.12.2021,
537,KAYNAKLAR,UZUN VADELİ YÜKÜMLÜLÜKLER,TOPLAM UZUN VADELİ YÜKÜMLÜLÜKLER,31.12.2021,22.347.409
538,KAYNAKLAR,,TOPLAM YÜKÜMLÜLÜKLER,31.12.2021,87.176.111
539,KAYNAKLAR,ÖZKAYNAKLAR,ÖZKAYNAKLAR,31.12.2021,
540,KAYNAKLAR,ÖZKAYNAKLAR,Ana Ortaklığa Ait Özkaynaklar,31.12.2021,18.808.958
541,KAYNAKLAR,ÖZKAYNAKLAR,Ödenmiş Sermaye,31.12.2021,275.257
542,KAYNAKLAR,ÖZKAYNAKLAR,Sermaye Düzeltme Farkları,31.12.2021,1.344.243
543,KAYNAKLAR,ÖZKAYNAKLAR,Birleşme Denkleştirme Hesabı,31.12.2021,
544,KAYNAKLAR,ÖZKAYNAKLAR,Pay Sahiplerinin İlave Sermaye Katkıları,31.12.2021,
545,KAYNAKLAR,ÖZKAYNAKLAR,Sermaye Avansı,31.12.2021,
546,KAYNAKLAR,ÖZKAYNAKLAR,Geri Alınmış Paylar (-),31.12.2021,
547,KAYNAKLAR,ÖZKAYNAKLAR,Karşılıklı İştirak Sermaye Düzeltmesi (-),31.12.2021,
548,KAYNAKLAR,ÖZKAYNAKLAR,Paylara İlişkin Primler (İskontolar),31.12.2021,1.000.699
549,KAYNAKLAR,ÖZKAYNAKLAR,Ortak Kontrole Tabi Teşebbüs veya İşletmeleri İçeren Birleşmelerin Etkisi,31.12.2021,
550,KAYNAKLAR,ÖZKAYNAKLAR,Kontrol Gücü Olmayan Paylara İlişkin Satış Opsiyon Değerleme Fonu,31.12.2021,
551,KAYNAKLAR,ÖZKAYNAKLAR,Pay Bazlı Ödemeler (-),31.12.2021,
552,KAYNAKLAR,ÖZKAYNAKLAR,Kar veya Zararda Yeniden Sınıflandırılmayacak Birikmiş Diğer Kapsamlı Gelirler (Giderler),31.12.2021,11.086.822
553,KAYNAKLAR,ÖZKAYNAKLAR,Özkaynağa Dayalı Finansal Araçlara Yatırımlardan Kaynaklanan Kazançlar (Kayıplar),31.12.2021,
554,KAYNAKLAR,ÖZKAYNAKLAR,Yeniden Değerleme ve Ölçüm Kazançları (Kayıpları),31.12.2021,10.997.824
555,KAYNAKLAR,ÖZKAYNAKLAR,Maddi Duran Varlık Yeniden Değerleme Artışları (Azalışları),31.12.2021,11.010.545
556,KAYNAKLAR,ÖZKAYNAKLAR,Maddi Olmayan Duran Varlık Yeniden Değerleme Artışları (Azalışları),31.12.2021,
557,KAYNAKLAR,ÖZKAYNAKLAR,Kullanım Hakkı Varlıkları Yeniden Değerleme Artışları (Azalışları),31.12.2021,
558,KAYNAKLAR,ÖZKAYNAKLAR,Tanımlanmış Fayda Planları Yeniden Ölçüm Kazançları (Kayıpları),31.12.2021,-12.721
559,KAYNAKLAR,ÖZKAYNAKLAR,Diğer Yeniden Değerleme ve Ölçüm Kazançları (Kayıpları),31.12.2021,
560,KAYNAKLAR,ÖZKAYNAKLAR,Kredi Riskindeki Değişikliğe Bağlı Olarak Finansal Yükümlülüğün Gerçeğe Uygun Değerindeki Değişikliklerden Kaynaklanan Kazançlar (Kayıplar),31.12.2021,
561,KAYNAKLAR,ÖZKAYNAKLAR,Özkaynağa Dayalı Finansal Araçlara Yapılan Yatırımlara İlişkin Finansal Riskten Korunma Kazançları (Kayıpları),31.12.2021,
562,KAYNAKLAR,ÖZKAYNAKLAR,Özkaynak Yöntemi ile Değerlenen Yatırımların Diğer Kapsamlı Gelirinden Kar veya Zararda Sınıflandırılmayacak Paylar,31.12.2021,88.998
563,KAYNAKLAR,ÖZKAYNAKLAR,Yabancı Para Çevrim Farkları,31.12.2021,
564,KAYNAKLAR,ÖZKAYNAKLAR,Diğer Kazançlar (Kayıplar),31.12.2021,
565,KAYNAKLAR,ÖZKAYNAKLAR,Kar veya Zararda Yeniden Sınıflandırılacak Birikmiş Diğer Kapsamlı Gelirler (Giderler),31.12.2021,-2.904.974
566,KAYNAKLAR,ÖZKAYNAKLAR,Yabancı Para Çevrim Farkları,31.12.2021,297.679
567,KAYNAKLAR,ÖZKAYNAKLAR,Riskten Korunma Kazançları (Kayıpları),31.12.2021,-3.802.524
568,KAYNAKLAR,ÖZKAYNAKLAR,Nakit Akış Riskinden Korunma Kazançları (Kayıpları),31.12.2021,-3.802.524
569,KAYNAKLAR,ÖZKAYNAKLAR,Yurtdışındaki İşletmeye İlişkin Yatırım Riskinden Korunma Kazançları (Kayıpları),31.12.2021,
570,KAYNAKLAR,ÖZKAYNAKLAR,Diğer Riskten Korunma Kazançları (Kayıpları),31.12.2021,
571,KAYNAKLAR,ÖZKAYNAKLAR,Yeniden Değerleme ve Sınıflandırma Kazançları (Kayıpları),31.12.2021,
572,KAYNAKLAR,ÖZKAYNAKLAR,Satılmaya Hazır Finansal Varlıkların Yeniden Değerleme ve/veya Sınıflandırma Kazançları (Kayıpları),31.12.2021,
573,KAYNAKLAR,ÖZKAYNAKLAR,Gerçeğe Uygun Değer Farkı Diğer Kapsamlı Gelire Yansıtılan Finansal Varlıklardan Kazançlar (Kayıplar),31.12.2021,
574,KAYNAKLAR,ÖZKAYNAKLAR,Diğer Yeniden Değerleme ve Sınıflandırma Kazançları (Kayıpları),31.12.2021,
575,KAYNAKLAR,ÖZKAYNAKLAR,Opsiyonların Zaman Değerindeki Değişiklikler,31.12.2021,
576,KAYNAKLAR,ÖZKAYNAKLAR,Forward Sözleşmesinin Forward Bileşeninin Değerindeki Değişiklikler,31.12.2021,
577,KAYNAKLAR,ÖZKAYNAKLAR,Yabancı Para Alım Satım Marjlarındaki Değişiklikler,31.12.2021,
578,KAYNAKLAR,ÖZKAYNAKLAR,Özkaynak Yöntemi ile Değerlenen Yatırımların Diğer Kapsamlı Gelirinden Kar/Zararda Sınıflandırılacak Paylar,31.12.2021,599.871
579,KAYNAKLAR,ÖZKAYNAKLAR,Diğer Kazançlar (Kayıplar),31.12.2021,
580,KAYNAKLAR,ÖZKAYNAKLAR,Kardan Ayrılan Kısıtlanmış Yedekler,31.12.2021,503.343
581,KAYNAKLAR,ÖZKAYNAKLAR,Sermayeye Eklenecek Gayrimenkul veya İştirak Satış Kazancı,31.12.2021,
582,KAYNAKLAR,ÖZKAYNAKLAR,Yasal Yedekler,31.12.2021,
583,KAYNAKLAR,ÖZKAYNAKLAR,Geri Alınan Paylara İlişkin Yedekler,31.12.2021,
584,KAYNAKLAR,ÖZKAYNAKLAR,Girişim Sermayesi Fonu,31.12.2021,
585,KAYNAKLAR,ÖZKAYNAKLAR,Diğer Kısıtlanmış Yedekler,31.12.2021,
586,KAYNAKLAR,ÖZKAYNAKLAR,Diğer Özkaynak Payları,31.12.2021,
587,KAYNAKLAR,ÖZKAYNAKLAR,Diğer Yedekler,31.12.2021,
588,KAYNAKLAR,ÖZKAYNAKLAR,Ödenen Kar Payı Avansları (Net) (-),31.12.2021,
589,KAYNAKLAR,ÖZKAYNAKLAR,Geçmiş Yıllar Karları veya Zararları,31.12.2021,4.008.731
590,KAYNAKLAR,ÖZKAYNAKLAR,Net Dönem Karı veya Zararı,31.12.2021,3.494.837
591,KAYNAKLAR,ÖZKAYNAKLAR,Kontrol Gücü Olmayan Paylar,31.12.2021,272.042
592,KAYNAKLAR,ÖZKAYNAKLAR,TOPLAM ÖZKAYNAKLAR,31.12.2021,19.081.000
593,KAYNAKLAR,,TOPLAM KAYNAKLAR,31.12.2021,106.257.111
